:020000040800F2
:10000000100700201D75000861710008FD710008CF
:10001000FF71000801720008037200087572000881
:100020000000000000000000000000000572000851
:100030000772000800000000097200080B72000837
:1000400075720008757200087572000875720008F4
:1000500075720008757200087572000875720008E4
:1000600075720008757200087572000875720008D4
:1000700075720008757200087572000875720008C4
:1000800075720008757200087572000875720008B4
:1000900075720008757200087572000875720008A4
:1000A0007572000875720008757200087572000894
:1000B0007572000875720008757200087572000884
:1000C00075720008157200087572000875720008D4
:1000D0007572000875720008757200087572000864
:1000E0007572000875720008757200087572000854
:1000F0007572000875720008257200087572000894
:100100007572000875720008757200087572000833
:100110007572000875720008757200087572000823
:100120007572000875720008757200087572000813
:100130007572000875720008757200087572000803
:1001400075720008757200087572000875720008F3
:1001500075720008757200087572000875720008E3
:1001600010B5054C237833B9044B13B10448AFF3F1
:1001700000800123237010BD6807002000000000EC
:1001800074A1000808B5034B1BB103490348AFF342
:10019000008008BD000000006C07002074A100086A
:1001A00010B5040010461A4618BF00290AD00028CE
:1001B00018BF002A06D021610146204602F015FD35
:1001C000014B636110BD00BFFEAF1C5E10B50400A3
:1001D00007D002F04EFD20461821BDE8104009F07E
:1001E0006FBF10BD002810B518BF002901D1012034
:1001F00010BD002444618161C2610362002010BD12
:1002000002469069D36900684168006802F028BC22
:10021000C16902F0ACBC70B50546E8690E4614220F
:1002200002F0F3FC040049D1316800200861AA699A
:1002300010680368E8691A6803F07AFF040038D18F
:10024000A869016830680A6800F10801E869126865
:1002500003F06EFF040028D1A86931684268D369B1
:10026000032B30D00068091D0268E869126803F0AA
:100270005FFF040013D1A86931684268D369022B7B
:100280001ED100680C310268E869126803F050FF63
:10029000040013D03068011DE86903F054FF306892
:1002A00000F10801E86903F04EFF3168E86903F0E6
:1002B0004AFFE8691422314602F0C6FC204670BDB0
:1002C0000020C860FAE700224A60CA60F6E770B50D
:1002D0000C460025002C06461ABF20680028012580
:1002E00023D0B1694A68D369022B04D100F10C0113
:1002F000F06903F028FFB0694168C869032804D099
:100300002168F069091D03F01EFF206800F1080153
:10031000F06903F018FF2168F06903F014FFF06939
:100320001422214602F090FC2560284670BD000092
:10033000F8B50F4600251646002F044618BF002EBC
:100340000BD0396800291CBFB868002805D0326876
:10035000002A1CBFB068002801D1012519E03B69C3
:100360002046336103F02AFF796800291FBF7268B5
:10037000002A204603F022FFB268B968204603F045
:100380001DFFF96800291FBFF268002A204603F00C
:1003900015FF2846F2BD70B50E46B16915460446F4
:1003A0000A680120D3693BB1022B01D007D370BD8D
:1003B0004968CB69032B14D0126869680CE0126895
:1003C0002968204602F01EFBB1694A68D369022BF6
:1003D00007D10868E96802682046BDE8704002F06D
:1003E00011BB70BD70B506460D462869002440F06B
:1003F00001002861B1690868C2691AB1022A08D0EF
:1004000018D32DE02868002103F0C9FE6868012197
:100410000BE049682868CA69032A08BF012104D093
:10042000002103F0BCFE0121686803F0B8FE002142
:10043000A86812E02868002103F0B1FE6868012175
:1004400003F0ADFEA868012103F0A9FEB069416880
:10045000C869022805D10021E86803F0A0FE00E089
:100460000124204670BD2DE9FC4B16460025002EC8
:1004700080468B461C461CBF0B9F002F05D0396859
:1004800000291CBFB868002803D101252846BDE813
:10049000F68B0A9838614A683168404602F07FFB63
:1004A0003A685060786838B156F82B104268404678
:1004B00002F075FB79684860B868002C42684046D5
:1004C0000CBF0121216802F06AFBB9684860F86836
:1004D00038B156F83B104268404602F060FBF968BC
:1004E00048604FF00209361F15E0404602F057FB06
:1004F000B96841F82900F86858B150F8292009EB8B
:100500004B0056F82010404602F049FBF96841F8CC
:10051000290009F10109CB45B8D3386856F82910EC
:1005200050F82920404602F03AFB396841F829008A
:10053000786858B150F829200BEB090056F82010C4
:10054000404602F02CFB796841F82900B868002C7D
:1005500050F829200EBF0021201F50F82910C4E7B1
:1005600070B50446A0690D4600264168C869032895
:1005700018D8DFE800F00707020C226AE868214675
:1005800002F087FA226A6868214602F082FA226A3B
:100590002868214602F07DFA226AA868214602F006
:1005A00078FA00E00126286940F00400286130460E
:1005B00070BD000038B50446A0690D464168C869A1
:1005C00003281FD8DFE800F009090210236AE26956
:1005D000E868214602F065FAA8B9236AE26968680A
:1005E000214602F05EFA70B9236AE2692868214662
:1005F00002F057FA38B9236AE269A868214602F086
:1006000050FA00E00120296921F00401296132BD7E
:10061000F8B5044600260D46002C18BF002D5ED00C
:10062000287C002100F0010002F0C1FA012856D018
:10063000A868002103F040FE012850D0A06901689D
:100640002868096803F0F7FD002848D5A0694168CB
:10065000CA69032A06D000680168686803F0EBFDE8
:1006600000283CD5A1690968086900281CBF4869B1
:10067000002835D0C86918B1022831D032D32EE015
:100680006069236A22460168286802F04FFAA0696F
:10069000616900680B6802680169184601F03CFE58
:1006A0006069216A2346026800912968104602F0B9
:1006B0001AFAA0696269016810680A684969034604
:1006C00001F02AFE6069236A22464168686802F0E8
:1006D0002DFA60694168006803F0ADFD00B10426A1
:1006E0003046F2BD6069236A22460168286802F03C
:1006F0001DFA6069236A22464168686802F016FAAA
:100700006069226A234601680092A0690A46076868
:10071000386902F0E8F9A2696169176808684968F0
:100720003A68034601F0F8FD6069216A2346406893
:1007300000912968024602F0D6F96069216A2346D1
:10074000406800912968024602F0CDF96069216A8B
:10075000234640680091A76902463F68796902F024
:10076000C2F9A16960690A68A9684068126803460D
:1007700001F0D2FDADE70000F0B50F4685B00021D5
:10078000064603910491B06903A901250368F06945
:100790001C68226803F0CCFC040040F0C680B069FD
:1007A0000168F0690A6804A9126803F0C1FC04003A
:1007B00040F0B780387C002100F0040002F0F7F927
:1007C00020B9394630460025FFF7CAFEDFF8782108
:1007D000D2E900345649CDE900340878554B002859
:1007E0000EBF0021042004211A585DF8010052496F
:1007F000821811601068012191605A680099504078
:100800001A6841404D4880EA010C01994C484A4021
:100810004240B06994444B4A036892EA0C0F049A30
:10082000186814BF6FF002016FF0010101F0B8FE0B
:10083000B0693246C469306A0290F1690398019147
:10084000049900906368B8682468A0470446B069BA
:100850004168C86903284AD8DFE800F0021F294030
:10086000336A04990398324602F060F9306A3A68B4
:10087000049900903346104602F035F9306A049A24
:10088000334600900398114602F02DF9316A7868DA
:10089000334600910246049926E0316A38683346AF
:1008A00000910399024602F01EF9786817E0316A58
:1008B0003868334600910399024602F014F9316A10
:1008C0007868334600910399024602F00CF9306AC9
:1008D00033460090FA687968386805E03868316A0C
:1008E000334602460091039902F0FDF800E001242E
:1008F000316AB868334600910399024602F0F3F872
:10090000002D08BF002C04D139463046FFF752FEB7
:100910000446386904A940F002003861F06903F028
:1009200012FCF06903A903F00EFC204605B0F0BDEF
:100930008407002038A500082C7E82AD04850012B3
:10094000FC68017AA8E29B8ED01E00082DE9F047D2
:1009500088B00646B0691D4689469246016A00681D
:1009600009EB0A0212F8017C0368F069D1F80880EB
:100970001A6806A9FF0903F0DBFB040040F041817F
:10098000B0690168F0690A6807A9126803F0D0FB32
:10099000040040F03281B0690168F0690A6803A977
:1009A000126803F0C5FB040040F02381B0690168C0
:1009B000F0690A6805A9126803F0BAFB040040F068
:1009C0001481B0690168F0690A6804A9126803F02B
:1009D000AFFB04001AD1039A5146484603F0BFFC0E
:1009E00003980399006851F8202022F0004241F852
:1009F0002020B06901680398096803F01CFC0028F6
:100A000005D4F06904A9042403F09DFBE9E06868BB
:100A1000002103F0C4FB6A680399012003F0CEFBB8
:100A2000326A0398314602F034F8336A0599039824
:100A3000324602F07BF8B0690168C0680A68011D9F
:100A40000498126803F08AFBB069079B0168059857
:100A50000A68049901F0F1FC306A069A3346009066
:100A6000B06901680598496902F03DF8B069069BD4
:100A700001680A680499184601F04EFC336A03992C
:100A80000698324602F052F8306A039A06990090AE
:100A90003346104602F027F8306A059A0399009011
:100AA0000798334602F01FF80399336A3246084626
:100AB00002F03CF8306A039A0699009033461046DB
:100AC00002F011F8306A039A0799009033461046F5
:100AD00002F009F8B069049A6FF00401036818681D
:100AE00001F05EFD049A0321104601F0EAFBB069B3
:100AF000C469306A0290F169039801912A680499E7
:100B00000092636824683246A0470446F06904A94D
:100B100003F019FB002C64D1316A28683346009138
:100B20000599024601F0DFFF336A039928683246CF
:100B300001F0FCFF306A039A334600900698114694
:100B400001F0D1FF0799039803F075FB98B1B069E4
:100B5000059A07990368186801F0EEFC0599039857
:100B600003F069FBB8B9316A286833460091024640
:100B7000414601F0B8FF336AF2692868314601F056
:100B800090FF04002DD1012F07D12868002103F028
:100B900093FB012801D1042423E0B069296802688D
:100BA0000879126800F00100784001F02BFF2869F5
:100BB000012140F002002861A86803F0F0FAB06952
:100BC0004168C86902280CD1306A33460090EA684F
:100BD0006968286801F087FF326AE868314601F0E9
:100BE00058FFF06905A903F0AEFAF06903A903F014
:100BF000AAFAF06907A903F0A6FAF06906A903F0BA
:100C0000A2FA204608B0BDE8F0872DE9F0431F4660
:100C100005468846914687B008EB090010F8016C3C
:100C2000A86905A9F6090368E8691C68226803F049
:100C30007FFA040040F01381A8690168E8690A6836
:100C400006A9126803F074FA040040F00481A86950
:100C50000168E8690A6803A9126803F069FA0400E8
:100C600040F0F580A8690168E8690A6804A912687B
:100C700003F05EFA040040F0E6807A68A9F1010111
:100C8000404603F06CFBA86901687868096803F0C6
:100C9000D2FA002840F1BF800398002103F07FFAC8
:100CA000039A7968012003F089FA2A6A0398294691
:100CB00001F0EFFE2B6A049903982A4601F036FFF3
:100CC000A8690168C0680A68011D3868126803F0E5
:100CD00045FAA869069B016804980A68396801F01A
:100CE000ACFB286A059A2B460090A8690168049815
:100CF000496901F0F8FEA869059B01680A6839682E
:100D0000184601F09AFB2B6A039906982A4601F0CF
:100D10000DFF03992B6A2A46084601F007FF286A4F
:100D2000039A069900902B46104601F0DCFE2B6AD0
:100D3000049905982A4601F0F9FE286A049A2B4680
:100D400000900598114601F0CEFE286A039A049996
:100D500000902B46104601F0C6FEA869049A6FF079
:100D600002010368186801F01BFC049A0221104676
:100D700001F0A7FAA869C469286A0290E969039892
:100D800001913A6804990092636824682A46A04752
:100D9000040054D1286A039A0599009006982B46BE
:100DA00001F0A1FE2B6A049906982A4601F0BEFEC6
:100DB000286A039A049900902B46104601F093FE8E
:100DC000296A38682B4600910399024601F08BFE90
:100DD0002B6A039938682A4601F0A8FE286A039A0C
:100DE0002B4600900598114601F07DFE0699039868
:100DF00003F021FA78B92B6AEA693868294601F0CC
:100E000050FE04001BD1012E07D13868002103F0E9
:100E100053FA012801D1042411E0A8693968026855
:100E20000879126800F00100704001F0EBFDB8682D
:100E3000012103F0B4F9386940F002003861E86933
:100E400004A903F080F9E86903A903F07CF9E869D3
:100E500006A903F078F9E86905A903F074F92046BA
:100E600007B0BDE8F08370B50646B0690C4615467C
:100E700001680868026850F8220001F0A4FEB16918
:100E800062680B684FF0FF319E69761E4E4032401B
:100E90006260C0F12002D14022680126401E54F851
:100EA000223086400B4044F82230226854F8223029
:100EB000334344F822302868026850F82230194041
:100EC00040F8221070BD2DE9F44F05460E461F462E
:100ED00084B06869D0F80080D0F80490D0F808A0F9
:100EE000C0680E9C2A4601907968D7F800B003913B
:100EF000B868414602902B6AB06801F017FE286A74
:100F00002B464A460090B068414601F0ECFD286A45
:100F100004992B46009009684246404601F0E3FDE3
:100F2000286A04992B46009049684A46484601F0D1
:100F3000DAFDA8694346016840460A68316801F055
:100F40007CFAA8694B46016848460A68716801F056
:100F500074FAECB10021404603F0AEF920603A6823
:100F6000494603F063F983467A682068494603F0EE
:100F70005DF90390BA682068494603F057F902907A
:100F80000021484603F098F9216841EA40012160B8
:100F9000286A029A2B460090B068414601F0A3FDF2
:100FA0002B6A2A465146404601F0C0FD286A019A44
:100FB0002B4600905146404601F095FD286A2B468D
:100FC000524600903068514601F08DFDA8694346B5
:100FD000016850460A68514601F09EF92B6A2A467C
:100FE0005946484601F0A2FDA8695B46016858468B
:100FF0000A68414601F021FAA8695B460168584633
:101000000A68019901F019FAA86953460168504627
:101010000A68594601F011FA286A2B465246009098
:101020005146484601F05FFD286A019A2B46009020
:101030007168104601F057FDA869039B016850468E
:101040000A68019905B0BDE8F04F01F0F6B92DE945
:10105000F84F044660691E46D0F80090D0F804A00E
:10106000D0F80880D0F80CB0236A0D46A86817465F
:101070002246494601F05AFD206A23465246009016
:101080003868494601F02FFD206A23464A46009001
:10109000A868494601F027FD206A23464A46009089
:1010A0007868494601F01FFD236AB8682246414628
:1010B00001F03CFD206A23465A46009028684146CC
:1010C00001F011FD206A234642460090B86841466F
:1010D00001F009FD206A23464246009068684146B7
:1010E00001F001FDA0695346016850460A6859465F
:1010F00001F0A3F9A0694B46016848460A684146D9
:1011000001F09BF9206A2346514600903268B86886
:1011100001F0E9FC206A23460090B2683168A868B3
:1011200001F0E1FC236A31682246504601F0FEFCE2
:10113000206A2346009072683168504601F0D3FC63
:10114000206A2346524600903168584601F0CBFC95
:10115000236A31682246484601F0E8FCA1693068FC
:101160000A6871680346126801F067F9206A7168BD
:10117000234600900A46404601F0B5FCA06942466D
:1011800001685046096801F0DEFBA16930680A6811
:1011900041460346126801F050F9A06953460168C0
:1011A00050460A68316801F048F9206A23464A46E9
:1011B00000905146484601F096FCA06971680268AB
:1011C00048460B46126801B0BDE8F04F01F035B952
:1011D0002DE9FE4F04460D46606916469846816823
:1011E0000768D0F8049001913168D0F80CA03A4615
:1011F000404603F01BF8716883463A46404603F0C8
:1012000015F80290B1683A46404603F00FF80646DA
:10121000236AA8682246394601F088FCA0694B463B
:10122000016828680A68394601F076F8A0693B46EB
:10123000016828680A68394601F0FFF8206A2346E9
:101240003A4600904946384601F04DFCA0694A46AE
:1012500001683846096801F024FBA0693B46016833
:1012600038460A68494601F057F8236A68682246FA
:10127000494601F05BFC206A019A234600902868E9
:10128000494601F030FC236A22465146384601F0B7
:101290004DFCA0695346016850460A68019901F067
:1012A000CCF8A0695B46016850460A68019901F0D4
:1012B000C4F8206A234632460090A968686801F0A5
:1012C00012FC236A22464946484601F02FFCA069D9
:1012D0005346016801980A68594601F0AEF8206A41
:1012E00023463A4600905146384601F0FCFBA0697F
:1012F000029B016838460A68494603B0BDE8F04FD2
:1013000001F09BB82DE9FE4F044660690768D0F8EC
:101310000480D0F80890C0680D46164601903168E8
:1013200002983A4602F082FF8246716802983A4675
:1013300002F07CFF8346B16802983A4602F076FFDD
:101340000646A0693B46016868680A68A96800F01B
:10135000E3FF236A28682246414601F0E7FB236A3F
:1013600068682246494601F0E1FBA06953460168DE
:1013700028680A68494600F0CFFF236A0199A868E7
:10138000224601F0D3FB236A22465146504601F023
:10139000CDFBA0695346016850460A68414601F0FA
:1013A0004CF8A0695A4601684046096801F0CBFA3A
:1013B000A0694346016840460A68594600F0ACFF00
:1013C000236A22465946484601F0B0FB236A22466A
:1013D0003946384601F0AAFBA0693B460168384609
:1013E0000A68494601F029F8A06933460168384681
:1013F0000A68019901F021F80199236A22460846FA
:1014000001F094FB206A019A23460090A0691146DE
:101410000568286901F067FBA0693B460168404602
:101420000A68019900F078FFA069434601680A68DC
:101430005946504601F001F8A0694246016840460D
:10144000096801F080FA236A22464946384601F0CD
:101450006DFBA069019A01684046096801F073FAC2
:10146000A0695346016848460A68019900F0E5FF03
:10147000A0694346016840460A68514600F0DDFF16
:10148000A0694A4601685846096801F05CFAA069FB
:101490004A4601684846096801F055FAA0694A467B
:1014A00001684846096801F04EFA206A23463A4628
:1014B00000904146384601F016FBA0695B46016882
:1014C00038460A68494603B0BDE8F04F00F0B5BFA2
:1014D0002DE9FC47044665690A98D5F80080D5F8DF
:1014E0000490D5F808A008B1002505601646226AC8
:1014F0000F461D460092316838682346424601F087
:10150000F2FAA0694B46016838680A68796800F009
:1015100003FFA0692B68016830680A68716800F0F1
:10152000FBFE206A234600906A687168786801F0C3
:10153000DAFA206A2346524600906968404601F074
:10154000D2FA206A234652460090A06951460668A6
:10155000706901F0C8FA206A23464A46009029685B
:10156000484601F0C0FAA0694B46016848460A683F
:10157000414600F062FFA0694B46016848460A6890
:10158000696800F05AFF206A234642460090A0692D
:1015900041460668306901F0A6FAA16968680A68E0
:1015A00041460346126800F048FF236A2968B8687C
:1015B000224601F0BBFAA0694346016828680A6820
:1015C000514600F03AFFA0695346016828680A684E
:1015D000514600F0A1FE206A23464A460090494643
:1015E000404601F080FA206A2346494600902A6866
:1015F000B86801F078FA206A23464A460090696884
:10160000504601F070FA206A2346494600906A6805
:10161000B86801F068FA206A234651460090AA682B
:10162000404601F060FABDE8F3872DE9FC47044627
:101630006069D0F800A0D0F80480D0F80890206A43
:101640000D4617460090B968A8681E4623465246C4
:1016500001F049FA206A23460090B2683968286888
:1016600001F041FAA0694346016828680A68696880
:1016700000F052FEA0693368016838680A6879682A
:1016800000F04AFE206A2346009072687968686814
:1016900001F029FA206A23464A4600907168B06832
:1016A00001F021FA206A23464A460090A069494683
:1016B0000568686901F017FA206A234642460090DF
:1016C0003168404601F00FFAA06943460168404680
:1016D0000A68B16800F0B1FEA0694346016840465F
:1016E0000A68716800F0A9FE206AB168234600907C
:1016F000A0690A460568286901F0F5F9A1697068D2
:101700000A68B1680346126800F097FE236A3168E0
:101710002246504601F00AFAA069B36801683068B1
:101720000A68494600F089FEA0694B4601683068A6
:101730000A68494600F0F0FD206A234642460090C0
:10174000B068414601F0CFF9206A23464146009037
:101750003268504601F0C7F9206A2346424600909D
:101760007168484601F0BFF9206A2346414600905F
:101770007268504601F0B7F9216AB06823460091BB
:101780000246494601F0AFF9BDE8F3872DE9F84F6D
:10179000044660690D461746066839689B46D0F8CE
:1017A00004A03246584602F041FD79688046324630
:1017B000584602F03BFDB96881463246584602F071
:1017C00035FD0746A0693346016828680A686968DC
:1017D00000F0A2FD236A28682246514601F0A6F9CE
:1017E000206A234642460090A0695146D0F800E0A6
:1017F000DEF8100001F077F9236A224631463046C0
:1018000001F094F9A0693346016830460A685146F0
:1018100000F013FE236A68682246494601F086F903
:10182000A0695346016840460A68494600F074FDC5
:10183000A0694346016840460A68494600F0FDFD3C
:10184000A0693346016830460A68494600F0F5FD54
:10185000236AA8682246394601F068F9A0693A4629
:1018600001683846096801F06EF8206A23464A4646
:1018700000904146504601F036F9A0693B460168A8
:1018800050460A68394600F0D8FD206A2346424691
:1018900000903946304601F026F9206A23463A4640
:1018A00000903946504601F01EF9BDE8F18F2DE950
:1018B000F8430D4604466169089817461E46D1F85C
:1018C0000080D1F8049008B100210160A069296866
:1018D000434600680268686800F0AFFDA0694B46A7
:1018E000016878680A68396800F016FD206A2346A6
:1018F000424600904946404601F0F5F8A0694B4643
:10190000016868680A68296800F006FDA069336804
:10191000016878680A68396800F08FFD206A2346FC
:101920004A4600903168484601F0DDF8A069336806
:10193000016848460A68414600F07FFDA0694B46B1
:10194000016848460A68414600F0E6FCA0697268F2
:101950000168F868096800F0F6FF206A716823469C
:101960000090A8680A4601F0BEF8A069F268016814
:10197000E868096800F0E7FFA06943460168F0687D
:101980000A68716800F0C8FCA169F0680A687168AB
:101990000346126800F051FD206A23464946009034
:1019A000B268306801F09FF8206A316823460090E1
:1019B0000A46404601F097F8206A23460090726874
:1019C000F168484601F08FF8206AF16823460090DC
:1019D0000A46404601F087F8BDE8F1832DE9F84357
:1019E0000446606917460D46D0F80490D0F8008090
:1019F000A06929681E46006843460268686800F0CE
:101A00001CFDA0694B46016878680A68396800F0D7
:101A100083FC206A2346424600904946404601F036
:101A200062F8A0694B46016868680A68296800F096
:101A300073FCA0693368016878680A68396800F047
:101A4000FCFC206A23464A4600903168484601F073
:101A50004AF8A0693368016848460A68414600F0C0
:101A6000ECFCA0694B46016848460A68414600F014
:101A700053FCA06972680168F868096800F063FFA8
:101A8000206A716823460090A8680A4601F02BF886
:101A9000A069B2680168B868096800F054FF206A5C
:101AA00023460090F268B168E86801F01CF8A0696C
:101AB00043460168F0680A68716800F02DFCA1696E
:101AC000F0680A6871680346126800F0B6FC206A84
:101AD000234649460090B268306801F004F8206A55
:101AE0003168234600900A46404600F0FCFF206A19
:101AF000234600907268F168484600F0F4FF206ABF
:101B0000F168234600900A46404600F0ECFFBDE82D
:101B1000F1832DE9FE4F0446984660690D4616464E
:101B2000436807684046019331683A4602F07EFBFD
:101B3000716881463A46404602F078FBB1688246B9
:101B40003A46404602F072FBF16883463A46404608
:101B500002F06CFB0646236A28682246394600F0EC
:101B6000E5FF236A68682246314600F0DFFF236AFA
:101B7000A8682246594600F0D9FFA0695A46016874
:101B80005846096800F0DFFEA0694B4601682868E6
:101B90000A68696800F0C0FB236A22464946484645
:101BA00000F0C4FFA0694B46016848460A68394600
:101BB00000F043FCA069524639460368186800F0FB
:101BC000BBFCA0693B46016848460A68314600F004
:101BD00034FCA069019B016850460A68314600F058
:101BE0009BFBA0693346016850460A68314600F005
:101BF00024FCA0695346016801980A68594600F020
:101C00001CFC206A0199234600905A46504600F079
:101C10006AFF206A23464A4600905146384600F043
:101C200062FF206A2346524600900198314600F038
:101C30005AFF206A2346324600903146384600F06B
:101C400052FFBDE8F78F2DE9F84304466069164658
:101C50000D46D0F80490D0F80080A0691F46B968FE
:101C6000006843460268386800F056FBA0694B469E
:101C7000016838680A68B96800F0DFFBA0693B6852
:101C8000016830680A68B16800F046FBA069BB686B
:101C9000016830680A68B16800F0CFFB216AB86853
:101CA000234600910246414600F01DFF236A22466A
:101CB0004146404600F03AFF216A386823460091C9
:101CC0000246494600F00FFF236A2246494648462D
:101CD00000F02CFFA06933680168B8680A683968A9
:101CE00000F01AFBA169B8680A68396803461268EF
:101CF00000F0A3FB3068236A2246014600F016FF7D
:101D0000B868236A2246014600F010FF206A234685
:101D10000090B268B968286800F0E5FE206A2346A2
:101D2000494600903A68404600F0DDFEA0694B4607
:101D3000016840460A68494600F07FFB206A234656
:101D40000090A069BA6801684846096900F0CBFEB6
:101D5000A0694346016840460A68B96800F0DCFAA9
:101D6000206A234649460090BA68404600F0BBFE10
:101D7000BDE8F183FEB5064600200C4617460190EB
:101D800022691D4600212A61207C00F0010000F03C
:101D90000EFF012807D1387C002100F0010000F07F
:101DA00006FF012836D0207C002100F0010000F061
:101DB000FEFE012802D12A46394609E0387C00217E
:101DC00000F0010000F0F3FE012804D12A4621466C
:101DD000FEF7AEFAF7BD3A4601A80090B7692B4668
:101DE0002146D7F804C03046DCF80470B8470198A3
:101DF000C10713D5C0F3400060B13046B669012376
:101E00002A4677682146D7F800C0E0472069400895
:101E1000400002E0286940F001002861F7BDF8B5F4
:101E200006460F4638691D4614462861387C002155
:101E300000F0010000F0BBFE012807D1207C00214A
:101E400000F0010000F0B3FE01283BD0387C0021F7
:101E500000F0010000F0ABFE012802D12A46214625
:101E600009E0207C002100F0010000F0A0FE012824
:101E700005D12A463946BDE8F840FEF759BA394639
:101E8000B7692B462246D7F804C03046DCF8087004
:101E9000B847A868002102F00FFA012816D1286877
:101EA000002102F009FA01280CD13046B66901235D
:101EB0002A4677682146D7F800C0E04720694008E5
:101EC000400002E0286940F001002861F1BD0000F7
:101ED00004B00101001701452DE9F84F94B0002529
:101EE0000C460A950995089506950795059504955C
:101EF0006CB3110002921FBF1E9F002FDDF880B04F
:101F0000BBF1000F23D0050021D06869A2498842A7
:101F10001DD12869C169606A014208BF9F4C17D072
:101F200094F82800810758BF9D4C11D50393216870
:101F3000086802F0D7F908304FEAD00903984845FD
:101F400002BFDDF884A04FEA4908C24501D0954C94
:101F50001EE12B692A4621460BA8FEF743F94246AB
:101F600005A9284600F051FE8F4C0028F0D11198A9
:101F70001F9E016A2846CA6804A94244B21800F0AC
:101F800044FE00284ED11198006AC2680169049885
:101F900008F094F8119B04984A46D3F820C059469B
:101FA000DCF80C30184408F089F8119B0498029969
:101FB000D3F820C04A46DCF80C304B44184408F0F3
:101FC0007DF8119B394604981F6A3246FB684344EA
:101FD000184408F073F811980021059B006A0191DC
:101FE000CDF80080C2680068049942440068B218C5
:101FF00000F0E8F807461198016AC86804A940444F
:102000003218284600F020FEB7F5003F18BF674C95
:1020100008D11198016828468A680AA9126802F056
:1020200087F8002840F0AF8009F10307BF087A0065
:1020300009A9284602F07CF8002816D1099A0598CB
:10204000414602F08CF911980A9A2B4601680998CA
:10205000896800F0C4FA09A9284602F074F83A46E3
:1020600008A9284602F064F8002840F088800BEBAD
:102070000800801E4178077811984FF6FF7647EAEE
:1020800001270168886802F02DF9C0EBC900C6403D
:10209000F64337420DD1089A49460BEB090002F08E
:1020A0005EF9119801680898896802F0C4F8002860
:1020B00001D43F4C5FE006A90BA8FEF7ACF800285E
:1020C00059D107A90BA8FEF7A6F800284FD10BA8F5
:1020D000FEF796F8002846D1119F079B039A3E6AA7
:1020E00002990BA87768B84718B1042838D1314C49
:1020F00036E0079A0BA90120FEF74DF9119F0698CB
:10210000089B079A0A9900907F690BA83E68B04720
:1021100030BB06990BA8FEF72FFB08BB0698059964
:102120004A46406802F067F9069A05981368224A01
:10213000401E10F809105C68204B41EAC41100F8F9
:102140000910229801921E4903901868059A02917D
:1021500000904B464FEA5A01584601F071FF044681
:102160000BA8FEF755F807A90BA8FEF7B0F806A9CB
:102170000BA8FEF7ACF808A9284601F0E4FF0AA96D
:10218000284601F0E0FF424605A9284600F05CFD24
:10219000204615B0BDE8F08FFEAF1C5E0E000600B5
:1021A0000F000600030006000C00060001000600F8
:1021B000090006000800060026C7060050A800080F
:1021C000936E060038B50C46002811461A46094B96
:1021D0001CBF0568002D0AD04AB104B939B904986A
:1021E00028B1059B009303462046A847034618469E
:1021F00032BD00BF030002002DE9F04104460E4647
:10220000216817461D464A6890478046B8F5003F4A
:1022100019D1226806992046936898478046B8F5F8
:10222000003F10D1236831463A46DE682046B04769
:102230008046B8F5003F06D123682946079A1D69F4
:102240002046A8478046216820460A6890474046B5
:10225000BDE8F08140B1016829B1044A914202D140
:102260000121034B1970406804F0ACBC00003748F2
:102270008407002010B5002204E050F8224043F803
:102280002240521C8A42F8D310BDF0B503460E46D8
:1022900001274FF0030C02241F22002507FB03F047
:1022A00000210CEA0000001BA94124EA0101CF191A
:1022B00064004FEA4C0080F0010C521EEED13760F2
:1022C000F0BD00232029F0B528BF012322D21468D5
:1022D0000568AC4238BF03231CD301240AE000EB9D
:1022E00084077F68C1F1200E07FA0EF73E4342F8DB
:1022F00024602C4650F824600768651CCE40BC4220
:10230000EDD342F8246002E042F825306D1C1068DD
:10231000A842F9D21846F0BD2DE9FF4E82460020B2
:1023200017469C46CDE902003A68DCF800300E46BC
:102330000021934221BFDAF800B0934535689542F9
:1023400001D2032076E0AB4503D3CDF804A000957D
:1023500003E0CDF800B00196AB465B454FF0010EAF
:1023600038BF9B46002515E05AF82E2056F82E401F
:10237000801841EB0509021957F82E0049EB0503B7
:102380000021101A63EB01014CF82E000846C91712
:102390000EF1010E3A687245E6D2009C74451CD3DA
:1023A0005AF82E2056F82E400023002514195D41BE
:1023B000001969414CF82E000846C9170EF1010EAC
:1023C000EBE7019C002354F82E20801859414CF86B
:1023D0002E000846C9170EF1010EF345F1D26646EC
:1023E00086464FF0010CDDE90201002510E057F8A8
:1023F0002C2056F82C40002302EA0E02A2186B4152
:102400008018594146F82C00084600210CF1010CB7
:102410003A686245EBD2346864450AD356F82C20FA
:102420008018694146F82C00084600210CF1010C87
:10243000F1E7002004B0BDE8F08E2DE9F44F8E46A0
:1024400084B0049A0021CDE902111C681568834606
:10245000AC4238BF03206CD3DEF80050DBF80090AC
:10246000A94506D3CDF80090CDF804B0A9468C4616
:1024700004E0CDF804E000954FF0FF3C009D984645
:102480004FF0010AAC4238BF00940022002300251F
:102490000FE05BF82A005EF82A40161843EB0107AC
:1024A000321B67EB050348F82A201A46DB170AF1AE
:1024B000010AD145EDD20098504511D3019E56F83E
:1024C0002A0020EA0C0412196B4100EA0C00121ACF
:1024D0008B4148F82A201A46DB170AF1010AEAE77D
:1024E00016460127DDF810C0DDE902010EE05CF8B8
:1024F000272058F8274000233240A2186B4180184B
:10250000594148F82700084600217F1CDCF80020CC
:10251000BA42ECD2D8F80040BC4209D358F8272080
:102520008018694148F82700084600217F1CF1E720
:10253000002005B0BDE8F08FF0B5136806680024F0
:102540000025B34201D20320F0BD8E464FF0010CAE
:102550000646174600210FE056F82C2000235EF8AF
:102560002C00A2186B41141A63EB010547F82C40AC
:102570002C46ED170CF1010CDEF800006045EBD2A3
:10258000326862450AD356F82C0024184D4147F8AA
:102590002C402C46ED170CF1010CF1E70020F0BDAA
:1025A000F0B50446666815460027721847EBE173DC
:1025B0006A6002261A46DB1708E054F82600121853
:1025C0007B4145F826201A46DB17761C2068B0426E
:1025D000F3D21046524222EA0000C00FF0BD2DE9AE
:1025E000FE4F8AB00C462168054654F8210000F0E1
:1025F000EAFA00210690099122680C98694601F0D8
:1026000097FD10B10220099047E101210495029441
:102610000AE0049A1468201A081802EB8000426845
:10262000009840F82120491C029800688142F0D3AC
:102630000098002240F821200499029B0A6818683B
:10264000121A0698521C0592C0F120008DF8040061
:102650001AE058F82620002382185AF826004B4129
:10266000794208400021101A63EB010148F8260066
:102670000846C917761CDAF80020B242E9D205985C
:10268000CDF808A0401E05900598002800F0F780BE
:1026900004980599009C236850F821209DF80400B7
:1026A00054F82350211F51F8236085400698C640F6
:1026B00035430795029D2E6854F826000890039430
:1026C00005E051F82300039C44F823005B1E012B16
:1026D000F7D8039800271F244260029A9DF80450FF
:1026E0009DF804601068134653F820201B1F53F810
:1026F000200002FA05F5069AD04005430398039A94
:10270000006852F8203051F82000069903FA06F6C6
:10271000C84006430798294600F049FA00F044FAF9
:10272000079A002100F03BFA8046C4F1200908FA1C
:1027300009F126FA04F040EA010A5146284600F061
:102740003BFA00F031FA014628FA04F040EA010BA6
:10275000AAEB050020FA09F14246584600F01FFA9C
:10276000804605FA04F0311A3246584600F017FA4E
:1027700006460BFA04F00743641ED6D131462846BC
:1027800000F01AFA00F010FA074348EA07070021A0
:10279000384600F00CFA00F007FA7A1E002100F02B
:1027A000FEF9044607982946012700F000FA00F0D8
:1027B000FBF922464FF0FF3100F0F1F9039E0024AF
:1027C0000025B846DDF808A0039024E05AF8280058
:1027D000039A029056F82810E2FB0045A1EB040989
:1027E0002C464846002500F0E7F946F82890029963
:1027F00024186D41484600F0DFF9029983464846A7
:1028000000F0D5F900F0D0F95A46394600F0C7F982
:10281000074608F10108DAF800004045D6D2B04674
:1028200008992646304600F0C7F940EA05040898A2
:102830003146264600F0C0F920EA05052F43A7439C
:10284000002000214FF0010C002510E05AF82C2048
:1028500058F82C4073421A400023A2186B4180188C
:10286000594148F82C000846C9170CF1010CDAF858
:1028700000206245EAD2002000210126FBE60B9CE5
:102880000021204601F08BFC00992246012001F036
:1028900095FC0C98694601F056FC09980DB0BDE80E
:1028A000F08F2DE9F045154642688E460168DEF846
:1028B000003002F001067642994202D12C688C4227
:1028C00001D201203DE0DEF80470002300243740EF
:1028D000D219634104466A6000214FF0020818468D
:1028E00018E007465EF8280054F8282000233040FE
:1028F00010185CF8042C59413818594145F8280043
:1029000055F8283008460021DB0743EA5203D04639
:102910004CF8043C226805EB880C08F1010A42459A
:10292000DFD25CF8043CC00740EA53004CF8040CCA
:1029300003E045F82A100AF1010A28685045F8D248
:102940000020BDE8F0852DE9F047904602680B684D
:102950009A4203D1D8F80040944201D201204FE0BE
:1029600044684A68002364004FF00009A21A69EB2A
:10297000030315461A46DB17022784468E4618E0E5
:102980000CEB870454F8040C5CF827105EF8274021
:10299000C00F40EA4100161843EB090A08EB870014
:1029A000321B40F8045C6AEB090315461A46DB1734
:1029B0007F1CDCF80000B842E2D2644654F82010D4
:1029C000464646F8205002EBD173C84600254FF02A
:1029D000010C11E05EF82C0056F82C200021184064
:1029E000101849EB010118EB00004D4146F82C008E
:1029F000A846ED170CF1010C20686045EAD20020D2
:102A0000BDE8F0872DE9F84300240025002918BF10
:102A1000002A03D00B681668B34201D201201DE0E2
:102A2000012781460E46904613E058F82700002102
:102A300056F82720201869410023841A61EB03050A
:102A40002146484600F0ABF846F827002C46ED1723
:102A50007F1CD8F80000B842E7D20020BDE8F2831E
:102A6000F8B5174605462A680E461846520007F183
:102A7000080101F05DFB040009D17E603D606868DB
:102A800007F10C01FFF701FCF8684042F8602046AE
:102A9000F2BD0B4680B500925968024600F023F85B
:102AA00002BD2DE9FC411F460023054690460193D7
:102AB0002A680E4601A9404601F03AFB04000FD1F6
:102AC0000198012101F06BFB0097019933462A46DA
:102AD000284600F008F8044601A9404601F033FBFF
:102AE0002046BDE8F681FEB514461D462A682368D7
:102AF0001668B34201D20320FEBDEB68089F121D89
:102B000001930092AA68D7F800C0091D131D324630
:102B1000001DE047E868231D00902968A8687C68CC
:102B20000A1D3146001DA0470020FEBDF8B50C4629
:102B30001546296822681F460E68B24201D203205A
:102B4000F2BDEA680B1D001D0092A968D7F808C005
:102B50000A1D3146E047E868231D00902968A868EF
:102B6000FC680A1D3146001DA0470020F2BD0A4640
:102B700000210160C160816821B100F108011046A7
:102B800001F0E1BA704710B582B0049C009313467F
:102B90000A460194014601F05FFC02B010BD4042BC
:102BA000514008405040704780F001007047484055
:102BB00041420843C00F70470A1A41405040084044
:102BC0005040C00F7047014610B5202001221F233E
:102BD00021FA03F404F0010484F001042240801A75
:102BE0005B1E13F1010FF3D110BD0023002918BFA4
:102BF000002A04D00160002142608360C1607047F8
:102C0000014648688968401A704720B511B11AB961
:102C100000200860012020BD8368D21C456892080E
:102C200003EB8202954203D200200860022020BDFF
:102C300005682B440B6082601146C268914238BF20
:102C40001146C160002020BD10B5044600200029B7
:102C50001CBF0B68002B03D012B1A368934201D2B2
:102C6000012010BDD21C92080860A3EB8202A26072
:102C700010BD10B504466168206807F021FA0020F5
:102C800000210022002384E80F0010BD2DE9F84345
:102C90000D469146089FD9F80010804638680A68AA
:102CA000904238BF012022D30A9C0121384601F00E
:102CB00076FA224649463846FFF7EBFE2E6800E0DA
:102CC000761E002E03DD55F826000028F8D0760188
:102CD00008E0281D710950F8212006F01F00C240AD
:102CE000D10706D4761EF4D5002E02D50020BDE80B
:102CF000F28323464A4639463846FFF717FF281D18
:102D0000710950F8212006F01F00C240D10706D5F6
:102D100000944B463A4641463846FFF7E4FE761E9D
:102D2000E2E72DE9F64F8BB006468946B1690027E8
:102D30000A68906801F0D6FAB1698A681368B0FB36
:102D4000F3F81D465A1E05FB18058DF810209DF856
:102D500010000093012383405B1E09930A681368E7
:102D60001C6802230297059407938A6806924868B4
:102D7000C169022904BF032007900021484601F0E1
:102D80009BFA50B9B0690068C169012907D0816810
:102D9000484601F050FA002801D4012493E1B069BB
:102DA0004168F0698A6906F114019200FFF72DFF6E
:102DB0000400F3D1BA460DE00068016870690A6842
:102DC00000EB8A01F06901F0B3F9040040F06F8173
:102DD0000AF1010AB06941688A699245ECDBCDF8D5
:102DE00028A002A93046FDF716FA040040F05481ED
:102DF000029930464446FDF7F5FA99F80400B846C2
:102E000000F001000890B169086849468268089896
:102E1000C0F10100FFF7F6FDDDF800A00BE008F1BE
:102E2000010B04FB0B520121484601F074FA00FA31
:102E300008F00743D846AAF101008045EFD30C996A
:102E400030467F1CFDF7CEFA0C98069A06210190B9
:102E500007980091131D111D4743059A01207F1CFF
:102E6000574301EB87020599A71EFDF7FCFA52E0D4
:102E70007A1904FB0B2201214846521C01F04BFA3F
:102E800000FA0BF040EA08080BF1010BD345EFD331
:102E9000D6F818E09DF810000C9ADEF804C028FA65
:102EA00000F000F0010BDCF800C0012311463046B1
:102EB000E04702980621009101900698ABF10101CC
:102EC000DDF81CE0021D099881EA0801DDF814C054
:102ED0000840401C00FB0EF000236146401C00FB34
:102EE0000CF0CBF1010B7F1E02EB80020120FDF7FD
:102EF000BAFA029A31465846FDF74DFA0C9B00206B
:102F0000029A0090D6F818C019463046DCF804E062
:102F1000DEF804C0E047681E8041B7EBD07F03DBDA
:102F20004FF00008C346B1E79DBB002709E004FB52
:102F300007F201214846521C01F0EDF9B840054363
:102F40007F1C5745F3D3B4690C9A0123646811467A
:102F50009DF81000D4F800C025FA00F73046E0478D
:102F60000298062107F00107019006980091791E4A
:102F7000021D0998DDF81CA04D4005406D1C05FBA5
:102F80000AF5059C00236D1C6543214602EB850272
:102F90004BE00698059A6F1E011D01EB82040C9D03
:102FA000924629E001232A4629463046E0477A1C0A
:102FB0000121484601F0AFF98046029806210091B0
:102FC00001900023224651460120FDF74CFA029A57
:102FD000C8F1010831464046FDF7DDF90020029AAC
:102FE0000090D6F818C02B462946DCF804E030469D
:102FF0007F1EDEF804C0E047B069002F4168D1F8B9
:1030000000C0CFDC2A460C95012311463046E0472C
:1030100001220121484601F07EF907460298062167
:10302000009101900023224651460120FDF71BFA32
:10303000029AC7F1010731463846FDF7ACF90C9BFF
:1030400003A8029A0090B4691946304665686C6816
:10305000A047B469039B0C9A656803F0010311460D
:10306000D5F800A03046D047B069089C0168C4F18B
:10307000010420468A684946FFF7C4FC0C9A314691
:103080002046FDF788F90C993046FDF793FA04467F
:1030900002A93046FDF71BF9DDF828A007E07169A9
:1030A00001EB8A02111F01F04EF8AAF1010AF06942
:1030B000BAF1000FF3DCB1694A6806F114019269B4
:1030C0009200FFF7C1FD20460DB0BDE8F08F000073
:1030D0002DE9F04F0E4699B04FF0FF31174612918F
:1030E000119110910191012100220546179107923B
:1030F0000692A9691C464FF0020908680268136825
:103100000A93CA6813680992DFF83C26049304986E
:10311000401E400802EB80031A1F0C92DFF82C2699
:1031200002EB8000031F0B934868DDF88880C169BB
:1031300028460229414608BF4FF00309FDF752F91E
:1031400041462846FDF70CFAA86900680894C16951
:10315000012910D08168304601F06DF8002807D5AC
:10316000A86901680898896801F065F8002802D408
:1031700001200590E3E2A8694168E8698A6905F1E0
:1031800014019200FFF741FD05900028F2D10024C0
:103190000CE009680A686969126801EB840100F0B3
:1031A000C7FF0590002840F0BF82641CA969E86948
:1031B0004A6893699C42ECD3049B0122A346991E62
:1031C0008A409200159202A9FFF71FFD0590002882
:1031D00040F0A182049901200024891E00FA01FA1E
:1031E00010E0029800EB84012846FDF714F80590E2
:1031F000002840F08982029850F824102846641C68
:10320000FDF7F0F85445ECD3039518943C46207C28
:10321000002100F00400FFF7CAFC20B917900398C2
:103220002146FDF79DF903982146FDF7F1F9059038
:10323000002840F05E820398029F012385693A6866
:1032400021466D68EF68B847029900200090039806
:103250004B680968856922466D682F690225B84761
:10326000039F10E0D7F818C00298DCF804E050F88B
:103270002530026800EB8500DEF814C050F8041C0D
:1032800038466D1CE04701200E905545EAD308985A
:1032900001F028F80546304601F024F885422CBF9D
:1032A0000898304601F01EF80D960F94019DCDF858
:1032B0005890129C119EDDF840A0814675E0DDF823
:1032C00030C0039A06980191169E101AA0F1010EC3
:1032D0004FEADE0E401E8000099A00F01C00062115
:1032E00000915CF82EC0131D111D2CFA00F000F0A7
:1032F0000F0046430A9A0120761C724301EB8202BA
:103300000A99FDF7B0F80298394602680120FDF7E6
:1033100042F83AE00399081A0B99421ED20851F874
:103320002250401E800000F01C00C5409DF8026045
:1033300005F00F05761B76B2AEBB0298069A0168BF
:1033400001988242BBDADDF818C00C9E169A4FEA4B
:10335000DC0C01910621009156F82C60DDF818C0B4
:103360000A9909984FEA8C0E0EF01C0E26FA0EF6FA
:1033700006F00F067243031D001D521C514300EB63
:1033800081020A990120FDF76EF802990020009051
:10339000BE690A684346D6F804C041463846DCF8A0
:1033A0001060B047109EA9F10109B9F1000FD8BF14
:1033B000002C06DCBAF1000FDCBF002E002D40F31C
:1033C0003C81B9F1000F0AD4D7F818C00123424656
:1033D000DCF804E041463846DEF80CC0E047002C3B
:1033E00002DD641E64B206E0BAF1000FC4BFAAF1A8
:1033F00001004FFA80FA002E02DD761E76B203E05D
:10340000002DC4BF6D1E6DB204990E98491C8840F2
:10341000401E8DF8030004980E99421E04989140B6
:103420000191411E8DF802100E980499049A88406B
:1034300004990390A2EB0902A9EB010114910499EC
:103440008DF801200498A9EB0101C9F10102129144
:103450008DF80020401C002CA9F101014FF0FF3233
:103460001390C8BFBAF1000F1191109256DCB9F158
:10347000000F06DD119A0D98022100F04CFFC0B23A
:1034800007E00D9841689DF8000001FA00F000F097
:103490000300002C41D5BAF1000F3FDC00F0010120
:1034A00091EA600F00F082801498002805D4129AE7
:1034B00013990D9800F02FFF08E00D9841689DF8D2
:1034C000010001FA00F09DF803100840019A0199EB
:1034D000801AC0B2079088420BDA07990B98C90886
:1034E00050F821200798810001F01C0122FA01F018
:1034F0000CE00399081A0B99421ED20851F82210C9
:10350000401E800000F01C0021FA00F09DF80240EF
:1035100000F00F0AA4EB0A0464B2002C46D107980D
:103520000199884218DA07990C984346C90850F85F
:10353000210007998A00B96902F01C02D0404A684C
:1035400010F00F00546901D10F9A02E0029951F86E
:1035500020204146384627E003980799411A0C98E5
:103560004A1ED20850F82200491E890001F01C01B1
:10357000C840029910F00F000A680CBF0F9951F86B
:1035800020100120FCF7D4FE029839460268012081
:10359000FCF701FFBC6902984346D4F804C00268F6
:1035A00041463846DCF81440A047109C002EC8BFA6
:1035B000002D15DCB9F1000F06DD119A08980221E3
:1035C00000F0A9FEC0B207E0089841689DF800002D
:1035D00001FA00F000F00300002E7FF5ADAE002DE3
:1035E0003FF7E1AE00F0010191EA600F3FF4DBAE7E
:1035F0001498002805D4129A1399089800F08BFEAD
:1036000008E0089841689DF8010001FA00F09DF873
:1036100003100840019A0199801AC0B206908842AE
:10362000BFF678AE06990B98C90850F82150069855
:10363000810001F01C01CD4078E603970D9C0F9EA0
:10364000089FDDF828A0099DB9F1000F46D1039825
:1036500001234246D0F818E04146DEF80490D9F83C
:103660000CC0E0472079C10717D50298314602689F
:103670000120FCF75DFE0298039902680120FCF727
:103680008AFE0398029A4346D0F818C01268414651
:10369000DCF80440D4F814C0E0473879C1071DD5E0
:1036A000029806222B1D01680092281D019100EB53
:1036B0008A0251460120FCF7D6FE0298039902685F
:1036C0000120FCF768FE02990020009003980A6828
:1036D0004346876941467C682769B847179840B9CF
:1036E00003983146FCF766FF059003984146FCF7C6
:1036F00061FF039D189C07E0029800EB8401091FFD
:103700002846FCF7E4FD641E002CF5D1159AE86903
:1037100002A9FFF799FA5C4606E0696901EB8402A9
:10372000111F00F010FD641EE869002CF5D1A96995
:103730004A6805F1140192699200FFF785FA05982D
:1037400019B0BDE8F08F00BF503700085C370008A3
:10375000100100004024521561367307012000005B
:1037600003100120021001402DE9FC478146002092
:103770000F46924600903A681E4669464846002524
:1037800000F0D6FC5FEA000838D10098002101243F
:1037900000F005FD009A39460120AAF1010700F06A
:1037A0000DFD04FA07F71CE00021715513E00098A5
:1037B0004168C807F8D504FA0AF0421E11404AB21F
:1037C0007BB29A42A8BFC91B7155009A49B24942BF
:1037D0001046FEF7E5FE009A01216D1C1046FEF72B
:1037E00070FD0098002100F067FD0028DFD00A98E6
:1037F00000B105606946484600F0A5FC4046BDE8BA
:10380000F687000000B581B00168074A914200D1F7
:1038100010B9064801B000BD7C2106F051FC4FF400
:10382000003001B000BD00BFFC38000803000200FA
:103830000F4A2DE9F04790B0B2E8F8516946DFF839
:1038400034A0A1E8F851B2E8F851A1E8F851D0F855
:103850000090D14500D118B9074810B0BDE8F087F5
:1038600040226946083000F05AFF10B0BDE8F087EA
:1038700078A50008FC38000803000200412904D2A2
:103880000268044B9A4200D108B9034870470830D7
:1038900000F054BFFC3800080300020010B481B0EF
:1038A00013460268074CA24200D118B901B006487D
:1038B00010BC704700F1240201B0083010BC00F0C9
:1038C00041BF00BFFC3800080300020010B481B003
:1038D00013460268074CA24200D118B901B006484D
:1038E00010BC70470A4600F1240101B0083010BC3A
:1038F00000F07CBFFC380008030002000538000817
:10390000313800087D3800089D380008CD3800089F
:10391000F0B50446BDB00B480D4616461F46029052
:10392000094B1022802104A800F0F5FE4298009770
:10393000334601902A46214602A8FEF75DFC3DB0C1
:10394000F0BD00BFFC38000840A800082DE9F14F89
:10395000ADF5327D0A6812A80DF1C80C13BA4A6899
:103960004FF0100E12BACDE912238A6813BACA6852
:1039700012BAC0E902230A6913BA4A6912BAC0E945
:1039800004238A6913BACA6912BAC0E906230A6A0B
:1039900013BA4A6A12BAC0E908238A6A13BACA6A11
:1039A00012BAC0E90A230A6B13BA4A6B12BAC0E909
:1039B0000C238A6B13BACA6B12BAC0E90E230A6CC5
:1039C00013BA4A6C12BAC0E910238A6C13BACA6CD3
:1039D00012BAC0E912230A6D13BA4A6D12BAC0E9CD
:1039E00014238A6D13BACA6D12BAC0E916230A6E7F
:1039F00013BA4A6E12BAC0E918238A6E13BACA6E95
:103A000012BAC0E91A230A6F13BA4A6F12BAC0E990
:103A10001C238A6FC96F13BA91FA81F2C0E91E2381
:103A20005CE90401C70C43034FEAC10AC60047EA38
:103A3000413743EAD1434AEA507A46EA517680094F
:103A400040EA81607E4083EA0A0A86EA00078AEA41
:103A5000911B5CE90E015CE91E4838184BEB010133
:103A600022465FEA58034FEA3202250A45EA086512
:103A70004FEA046A43EAC4734AEA182A82EA05064E
:103A8000E20942EA486283EA0A0A8AEAD8137240E3
:103A90005CE9207B80185941C01941EB0B01CCE94E
:103AA00000015CE9026AF70C47EA4A374FEA4639F7
:103AB00049EADA495CE91C23F500CDE900794FEACF
:103AC000CA0949EA567945EA5A75DDE9007BB60923
:103AD00046EA8A667D408BEA0909754089EA9A19A7
:103AE0005CE90C6AAE19154649EB0A0A5FEA53090C
:103AF0004FEA3505CDE9006A2F46150A4FEA026AFA
:103B000049EAC27B45EA03654AEA132AD60946EA2E
:103B100043667D408BEA0A096E4089EAD31ADDE9E3
:103B20000059AE1949EB0A0A34194FEA40394AEBF9
:103B30000808C70C47EA413749EAD149CCE90248AD
:103B40005CE91A6ACDE900794FEAC109C50049EA82
:103B5000507945EA5175DDE9007B800940EA8160D2
:103B60007D408BEA0909454089EA91195CE90A011F
:103B70002818354649EB01015FEA5A094FEA350535
:103B8000CDE900012F46350A310649EAC67B45EAF0
:103B90000A6541EA1A21F00940EA4A607D408BEA51
:103BA0000109684089EADA11DDE90059281849EB72
:103BB000010182184B41CCE90423E50C5CE91801B2
:103BC00045EA4837630343EAD84B4FEAC803E200AB
:103BD00043EA547342EA5872A40944EA88647A407A
:103BE0008BEA0303544083EA98185CE90823A7187A
:103BF00048EB030B04465FEA510848EAC0734FEAFA
:103C000034044FEA0068050A48EA112845EA0165CC
:103C1000C00940EA416083EA0809654089EAD11198
:103C2000684038184BEB0101801941EB0A01CCE9DF
:103C300006010CF1200CBEF1010E7FF4F1AEB2983A
:103C4000B29EDDF8C8C2D0E92848D0E92A23DCE9D1
:103C50003259DDF8C8E2D0E92C01D6E92E6ADCE958
:103C6000307BCDE90859DEE93459DDF8C8E2DFF8E8
:103C700058C3CDE90659DEE93659CDE90401CDE94D
:103C80000A6ACDE910592825CDF838C00DF1480E43
:103C900038465946DDE9106AAC460E9D08350E954A
:103CA000083DD5E90059CDE90C59FEE8027BCDE984
:103CB000006A850BCDE9027B4FEA804A870C4FEA08
:103CC000803945EA81464AEA913A47EA813749EA2A
:103CD000914986EA0705C6058AEA09094FEAC15AE9
:103CE0004AEA502A46EA51266E4089EA0A0ADDE984
:103CF0000059AE1949EB0A0ADDE9085900EA05073F
:103D000001EA090BDDE9065985437D4029EA0109ED
:103D10008BEA090975194AEB0909DDE90C6ACDE955
:103D20000C48AD1949EB0A09DDE9026AAE1949EB05
:103D30000A0A270F4FEA041947EA081749EA1879CF
:103D4000A50745EA9805CDE900794FEA887949EA5F
:103D50009409DDE9007B7D408BEA0909CDE9005932
:103D60004FEA4869650649EAD41945EAD815DDE9FC
:103D7000007B7D408BEA0909CDE90059DDE9045952
:103D8000554004EA050783EA090908EA090BDDE959
:103D9000045915407D4003EA09098BEA0909DDE968
:103DA000007B0E9C7D194BEB0909DDE9067BCDE913
:103DB000107BDDE9087BCDE90801DDE90A01CDE9E9
:103DC000067BDDE9047B801941EB0A01CDE9042380
:103DD00072194AEB090308340E94DDE91059CDE954
:103DE0000A7B083CD4E90048FEE8026ACDE90259A2
:103DF000870B4FEA804947EA814749EA9139CDE983
:103E00000079870C47EA81354FEA803949EA9149C0
:103E1000DDE9007B7D408BEA0909CDE900594FEAD5
:103E2000C159C50549EA502945EA5125DDE9007B1C
:103E30007D408BEA0909DDE9027B7D194BEB09091D
:103E4000CDE90059DDE9085900EA050701EA090B47
:103E5000DDE90659854329EA01097D408BEA090914
:103E6000DDE9007B7D194BEB09092C1949EB0808AA
:103E7000A41948EB0A08150F45EA03164FEA021A7F
:103E80004FEA837995074AEA137A49EA920945EAA3
:103E9000930575408AEA09094FEA436A56064AEAD9
:103EA000D21A46EAD3166E4089EA0A0ACDE9006AB8
:103EB000DDE90C59DDE9046ADDE90C7B6E4089EA35
:103EC0000A0ADDE90459164003EA0A0A3D400BEAF2
:103ED00009096E408AEA090ADDE90059DDE9087B33
:103EE000CDE90801AD1949EB0A09DDE9066ACDE91A
:103EF000067BDDE90A01DDE9047B001941EB0801DD
:103F0000CDE90A7BDDE90C7B641948EB0908CDE9B2
:103F1000047BBCF1010C7FF4C0AEDDF8C8C2CDE972
:103F20000C23DDE90823DCE9287BDDE906593C198F
:103F30004BEB0808CCE92848B29CDDF8C8C2D4E9AC
:103F40002A7BDDE90C483C194BEB0808CCE92A48F0
:103F5000B29CDDF8C8C2D4E92C7BDDE904483C19E9
:103F60004BEB0808CCE92C48B29CDDF8C8C2D4E978
:103F70002E7BDDE90A483C194BEB0808CCE92E48BA
:103F8000B29CD4E9307B38184BEB0101C4E9300115
:103F9000B298D0E93248A21848EB0303C0E93223B3
:103FA000B299D1E93423521943EB0903C1E934230F
:103FB000B299D1E93623921943EB0A03C1E93623BA
:103FC0000DF5337DBDE8F08FC0A50008F8B50124DC
:103FD0000094002300240DE0009D065D0F5D641C2D
:103FE0007E40F643761CF60F86F0010635400095BC
:103FF000009DEB189442EFD31846F2BDF8B50023AC
:1040000001240094002A11E0009C851815F8016C29
:104010008F1817F8015C6E40F643761CF60F86F099
:10402000010634400094009CE318521EECD118465F
:10403000F2BD0000CD3F0008FD3F00080100000078
:104040002DE9F84F1D46DDF828900B9F0D9C4FF091
:10405000FF330093D9F800B00E46924680463246B0
:104060005146D847834664B3D9F8043032465146A6
:10407000404698476FEA0B02521C009942EA0B0235
:104080006FEAD2735B1C1940C2430091521C009925
:1040900002436FEAD2735B1C1940009186F05531E0
:1040A000484087EA000181F05531216080F05531A8
:1040B000C943491C009A08436FEAD070401C8243F0
:1040C0000092D9F80800012809D17540E943491C3C
:1040D00000980D436FEAD572521C90430AE0F11C20
:1040E00085EA91020098D243521C15436FEAD573BA
:1040F0005B1C984386F0AA3686EA0B0686F0AA3344
:10410000F243DB43C2F3C0725B1C009042EAD372FD
:104110000C980099D243521C91430091009977402A
:1041200087F0AA37884300990F403843BDE8F28FE3
:1041300038B51546AA000C46121DFEF766FD08B9F3
:1041400021680D6032BD10B50C4623681A689200D4
:10415000121DFEF779FD0023236010BD03460020E9
:10416000002B70B518BF002900D00AB9012070BD1E
:104170001C68A24228BF2246012406E001EB840508
:1041800055F8046C43F82460641CA242F6D2196806
:10419000A14224BF43F82400641CF8D270BD02463B
:1041A00000200AB9012070475160022102E042F864
:1041B0002100491C13688B42F9D270472DE9F8435E
:1041C00007461646306888460025401C7A42D8F8D3
:1041D000004004E058F82010401C11400D43844278
:1041E000F8D23068A04238BF04465FEA04090AE00A
:1041F00056F8292058F829103846FEF7D0FC46F822
:104200002900B9F10109F3D1641C791E05E056F8C3
:104210002400084046F82400641C3068A042F6D20E
:10422000002D14BF03200020BDE8F283404251401E
:104230000840504070472DE9F04784468E46DEF82E
:104240000050DCF8001000270126BA46A9420FD31F
:10425000084664460121854224D254F820200023D8
:10426000524263EB430303F001031F43401EF2E796
:1042700028460D4674464FF0FF31EEE75CF82020EB
:104280005EF8204000250023B4EB020865EB03092B
:104290006240521E06EA090563F1000345EA0A0A74
:1042A0001E40401E0028E9D106EB4A023846521E45
:1042B000BDE8F047FEF773BC10B50A46002301685D
:1042C00003E050F82140491E23430229F9D24068F7
:1042D0000021424042EA0300FEF769FCBDE81040BD
:1042E000FEF762BCF8B505462E68002234000BE0EC
:1042F0005742174355F82410FF43F80FFEF74FFCC1
:104300000246A6EBD776641EF2D11046FEF75BFCA0
:1043100000EB4610F2BDF8B5064630680C4657096A
:1043200002F01F05791CFEF747FCBB1C41420B4005
:1043300056F82310002204F01F04FEF730FC06EBB1
:1043400087014A68EA40C5F1200500FA05F5012019
:1043500000FA04F41543641E04EA0500F2BDF8B542
:1043600000230AB110B909B10120F2BD1468CD1CB7
:10437000B4EB950F01D20320F2BDB9B3002410E0D5
:10438000061996F802C0F77802EB85054FEA0C4C47
:104390004CEA076C77783678241D4CEA07273E43B1
:1043A0006E60A508CE1EB442EAD311F0030F11D0FF
:1043B0006D1C42F825300BE0075D52F825604FEA8E
:1043C000C30C07FA0CF73E4342F825605B1C641CE3
:1043D0008C42F1D3E41CA408641C00211068A042A4
:1043E00024BF42F82410641CF8D202E01046FFF704
:1043F000D6FE0020F2BDF0B5034618684C1E00251D
:10440000800001E0A554521E9042FBD312F003003D
:104410001FD0950803EB85067568461EF60025FA41
:1044200006F7A754521E401EF7D112E0940853F825
:1044300024508818001F2D0EC57053F82450121FE9
:104440002D0C857053F824502D0A457053F82440E4
:104450000470002AEAD1F0BD2DE9F04F0AB4DDF86E
:104460002C404FEA82024FF0000C5FEA020EBEF1D0
:10447000040E43F80EC07FF4FAAF5FEA020E50F864
:1044800004AB51F804BB1F684FF00006EAFB6B67F2
:104490000C9D06FB05FB20CC4FF00008B146EBFB62
:1044A0006589B2F104055E6851F8048BEAFB686720
:1044B000B04640CCEBFB668943F8048B2D1FF2D14C
:1044C00000990B9C17EB0C064FF0000747EB070712
:1044D00016EB09084FF0000949EB0909C3F8008001
:1044E00007EB090C019BBEF1040EC8D19A46A34606
:1044F000151E35B140CB80CCBE41A5F10405FFF7B8
:10450000F8BF66EB0606B4446FEA0C0C53465C46F3
:10451000151E4DB1D3F8006080CC07EA0C07BE41F0
:1045200040C3A5F10405F4E702B0BDE8F08F2DE922
:10453000F04FDDF8244009924FEA81014FF0000B63
:10454000ABFB0BA58C46BCF1040C50F80CE043F817
:104550000CE000D0F7E70844D3F80090ABFB0B78F1
:1045600009FB04F90E469E46DEF8007052F804CBB3
:10457000A6F10406E9FB6C7856B1DEF8047052F837
:1045800004CBA6F10406E9FB6C784EF8047BF3E754
:10459000099A80C84FF0010CEAFB6C78CEF80070E5
:1045A000C24605F104058D42D6DB9C4693460D1E9E
:1045B00035B15CF8046B80CABE41A5F10405F7E78C
:1045C00066EB06060AEB060C6FEA0C0C9A465A4696
:1045D0000D1E4DB180CA5AF8046B07EA0C07BE41A4
:1045E00040C3A5F10405F4E7BDE8F08F2DE9704F55
:1045F00092005FF000095FEA420BABF1040B04D0BC
:10460000BBF1040B43F80B90FAD15FEA020B17D011
:10461000002450F804CB9E4692460E46DEF8005029
:1046200056F8048BECFB68544EF8045BBAF1040AAC
:10463000F4D1CEF8004003F10403BBF1040BE7D141
:10464000BDE8708F4022A03005F038BD2DE9F84F4D
:10465000826800258346970802F0030200927A01DF
:1046600002F02008C8F120080E4629E0A9006808D9
:1046700001F0040101EBC001741869010BEBC00AE1
:1046800001F02009DAE92801C9F120094A4600F0C1
:10469000D7F9E070DAE928014A466D1C00F0D0F93C
:1046A000000AA070DAE928014A4600F0C9F9000CB6
:1046B0006070DAE928014A4600F0C2F9000E207065
:1046C000BD42D3D30024009D11E00BF1A0017A0874
:1046D00001EBC203D3E90001424600F0B1F9E10069
:1046E000C1F11801C84004EB8702B054641CAC420D
:1046F000EBD3BDE8F18F70B5C468036900220025D3
:10470000E31AD418044404F81C5F8E5C521C082A77
:104710002672F6D370BD0360C1600261704738B580
:10472000154604460022626023685A6890470020BC
:104730006061A061A5604FF4003032BD81604FF42C
:10474000003070472DE9F84304462079D4F80C80F6
:10475000450748BF244844D466691D46A8F10100B6
:1047600000EAD60306EBC5066661B6EBC50F02D2BA
:10477000A669761CA661A669174606EB5576A66162
:104780000E46E918884224D2A8EB03094A4631466E
:10479000F81805F093FC226839460EE04246384688
:1047A00005F08CFC2368394620461A68904707E0DC
:1047B000311811F00300F1D12268204613689847A0
:1047C000484600EB0809A9F10101A942F0D30023F2
:1047D00000E000202A1A3118F81805F06FFC4FF499
:1047E0000030BDE8F28300BF040002002DE9FC4F59
:1047F00085B00246D06813690027DFF86CC1A0EBD2
:10480000030A50680DF10C0EDFF8608140F00400DF
:10481000506003A80290D8E9003403A8544DC0E9C1
:1048200000342878534D00280CBF002304239946F8
:104830005CF803305EF80940012623441D601C68C3
:104840009E60DCF80430039DDCF80090DEF8046024
:104850005D406540484C654089EA0606474C664025
:104860007519474CD8E9006B6540002803ACC4E9D2
:10487000006B029E0EBF0024042004245CF800009C
:104880003459012620183F4C046004688660039860
:10489000029E434063407068374C634089EA0000E1
:1048A000364C6040034438484340280018BF01207C
:1048B0005B1E9B41042F2CBFC0B2D80F02F1140322
:1048C00053F8200007F00303C3F10303DB00D840D3
:1048D0000DF807007F1C082F9DD315466A69AB6948
:1048E000E868D20842EA4372401E002300EA020749
:1048F00002400C469B420AD8524508D28020E0551F
:104900007F1C574516D2AAEB0701E01910E0802062
:10491000E05500E0E355E8687F1C8742FAD32A6837
:10492000284613689847BAF1000F03D05146204635
:1049300005F0C6FB2A68069E059F936869462846CF
:1049400098472A6821462846D2F80090C8472B6825
:1049500039462846DA6890470EB1A86830604FF4AF
:10496000003007B0BDE8F08F38A500088C4900087A
:10497000840700205FC5109304850012FC68017A4B
:10498000C0F524FF24AF33D426AF698B04B00101F6
:1049900000170145034613F8012B002AFBD1181A12
:1049A0000138704770B4840746D04C1E002941D0AE
:1049B000D5B2034602E0611EE4B30C4603F8015B86
:1049C0009907F8D1032C2ED9D5B245EA05250F2C2D
:1049D00045EA054519D9264603F11001103E0F2E70
:1049E00041F8105C41F80C5C41F8085C41F8045C4B
:1049F00001F11001F2D8A4F1100121F00F0104F02F
:104A00000F041031032C0B440DD91E4621460439E6
:104A1000032946F8045BFAD8211F21F00301043171
:104A20000B4404F003042CB1D2B21C4403F8012B54
:104A3000A342FBD170BC70470C460346C2E700009E
:104A4000D0400B00D1409C46203AD34018435242FC
:104A5000634693401843704753B94AB9002908BFC9
:104A600000281CBF4FF0FF314FF0FF3000F0B0B90D
:104A7000ADF1080C6DE904CE00F006F8DDF804E0B5
:104A8000DDE9022304B070472DE9F04F099D884607
:104A900004468E46002B4AD18A4217465FD9B2FAA5
:104AA00082F64EB1C6F1200301FA06FEB740B440CB
:104AB00020FA03F343EA0E0E4FEA17481FFA87FC69
:104AC000230CBEFBF8F108FB11EE01FB0CF243EAEC
:104AD0000E439A4207D9FB1801F1FF3002D29A42E5
:104AE00000F2548101469B1AA2B2B3FBF8F008FB16
:104AF000103300FB0CFC42EA034294450BD9BA1870
:104B000000F1FF332CBF01240024944502D9002C6E
:104B100000F03F81184640EA0140A2EB0C02002160
:104B20001DB1F2400023C5E90023BDE8F08F8B42A0
:104B300005D90DB1C5E9000100210846F5E7B3FA32
:104B400083F100294ED14345C0F01281824240F2E8
:104B50000F810846002DE8D0C5E9004EE5E7002AA0
:104B600000F0AC80B2FA82F6002E40F0BB808B1AC7
:104B70004FEA124EBCB20121020C80B2B3FBFEFC24
:104B80000EFB1C3342EA034304FB0CF29A420ED99B
:104B9000FB180CF1FF382CBF4FF001094FF0000952
:104BA0009A4203D9B9F1000F00F0EC80C4469B1A79
:104BB000B3FBFEF80EFB183304FB08F440EA034293
:104BC00094420BD9BA1808F1FF332CBF0120002002
:104BD000944202D9002800F0D1809846121B48EA7E
:104BE0000C409DE7C1F120068B4008FA01F400FA61
:104BF00001F922FA06F728FA06F88A401F4320FA3C
:104C000006F3380C23431FFA87FC1C0CB8FBF0FE9C
:104C100000FB1E8844EA08440EFB0CF8A0450ED9A0
:104C20003C190EF1FF3A2CBF4FF0010B4FF0000B77
:104C3000A04503D9BBF1000F00F0B880D646A4EB25
:104C400008041FFA83F8B4FBF0F300FB134403FBE2
:104C50000CFC48EA0444A4450ED93C1903F1FF308A
:104C60002CBF4FF001084FF00008A44503D9B8F15C
:104C7000000F00F09F80034643EA0E40A4EB0C04B3
:104C8000A0FB02EC64457346E04602D307D1F14530
:104C900005D2BEEB02036CEB070C0138E0465DB1B8
:104CA000B9EB030264EB080404FA06F622FA01F3F6
:104CB000CC401E43C5E90064002136E7B1FBF2FC9D
:104CC000010C144680B2964641EA084120269046DF
:104CD00040EA01431046B1FBF2F1A3EB080341EABD
:104CE0000C414BE7B740C6F1200301FA06F221FA66
:104CF00003F84FEA174E20FA03F3BCB2B040134357
:104D0000020C190C80B2B8FBFEF90EFB198841EABF
:104D1000084109FB04F8884551D9791809F1FF3C8D
:104D20002CBF4FF0010A4FF0000A884502D9BAF1B2
:104D3000000F31D0A1EB0801B1FBFEF909FB04F82B
:104D40000EFB19119BB243EA0143434535D2FB18D0
:104D500009F1FF312CBF4FF0010A4FF0000A434523
:104D6000BBD2BAF1000FB8D1A9F102013B44B4E7BC
:104D7000841A68EB030201209646EBE63A44A8F158
:104D800002082BE7ACF1020C3B4410E702393B442C
:104D9000A9E63A440238BEE6A7EB0808A9F1020CDE
:104DA0004144B1FBFEF909FB04F8C9E7AEF1020E7C
:104DB0003C4444E7023B3C445EE749468DE7A1EBB7
:104DC0000801CC46B1FBFEF909FB04F8B8E700BFC7
:104DD000704700BFBFF34F8F0549CA6802F4E06215
:104DE000044B1343CB60BFF34F8F00BFFDE700BF01
:104DF00000ED00E00400FA050C4B5B6813F0010FB6
:104E000004D10A4A136843F002031360074B5B683E
:104E100013F0010F04D1054B0222DA60704700BF86
:104E2000024B5B6813F0020FF5D1F8E70004034072
:104E30000023032B06D850F82320B2F1FF3F03D103
:104E40000133F6E701207047002070470023032B51
:104E500004D850F823201AB90133F8E7012070472D
:104E6000002070477F2835D870B5164640031B4B8D
:104E700099420BD01A4B994206D01A4B994201D055
:104E8000002504E0184D02E0184D00E0184D4519CA
:104E900022D001233360174B00221A60BFF34F8FDB
:104EA0002C4605F50053A34207D92046FFF7C0FF63
:104EB00008B11034F5E7002333600E4B1B680BB9C3
:104EC000002070BD0B4B1A680B49002001F0F8FF61
:104ED0000B20F6E7082070470220F2E7DEC0DEC0B4
:104EE00000EEFFC007B0FE5A00C0070800E0070848
:104EF00000000108A80B002054A8000808B5364A95
:104F0000936A23F4E06323F0030343F4007343F054
:104F100002039362516B314B0B4043F0807343F0BB
:104F200023035363136843F0807313602A4B1B6899
:104F300013F0007F0CD0284A936A43F480239362D5
:104F4000274A136823F00F0343F00303136002E0C2
:104F500000BFEBE700BF224B1B6803F00F03032BDE
:104F6000F8D11D4B1A6A22F007021A62D3F8002208
:104F700022F01002C3F80022D3F8002222F0070228
:104F800042F00502C3F800221A6A22F070021A6287
:104F90001A6A22F4E0621A625A6A22F070025A62B5
:104FA000DA6942F00302DA6100E000BF0A4BDB6914
:104FB00003F00C030C2BF8D10A4B00221A601A6480
:104FC000094804F07FFB094BD3F8883003B908BDCA
:104FD000064804F03FF8FAE7000C024600FEFF80A6
:104FE000002002400060024000D8B805B00B00204D
:104FF00008B52B4B4FF480321A601A64294AD369E2
:1050000023F00303D36100E000BF264BDB6913F0FC
:105010000C0FF9D1234B9A6A22F480229A621A6803
:1050200022F080721A601F4B1B6813F0007F01D0C2
:1050300000BFF8E71C4A136823F00F03136000E079
:1050400000BF194B1B6813F00F0FF9D1154B1A6AEB
:1050500022F007021A62D3F8002222F01002C3F8ED
:105060000022D3F8002222F00702C3F800221A6AB5
:1050700022F070021A621A6A22F4E0621A625A6A14
:1050800022F070025A62094804F01CFB084BD3F866
:10509000883003B908BD064803F0DCFFFAE700BF1B
:1050A00000600240000C0246002002400024F40090
:1050B000B00B002010B586B0002960D00C46334BF1
:1050C0009A4228D01DD8324B9A4229D0314B9A426D
:1050D00015D1314B5B0B314A520B184403199342E3
:1050E00051D8022303932E4BB3F8A0304FF6FF7232
:1050F00093421AD0002B40D0DB08013B16E0062477
:105100003EE0284B9A4204D1274B5B0B274A520BB7
:10511000E3E7062434E0264B5B0B264A520BDCE720
:10512000254B5B0B254A520BD7E77F231840049091
:105130000594234B1A6B42F040421A6342F2FA0282
:105140001A6203F02BF802A903A803F0CDF8044675
:1051500003F03CF81CB9029BB3F1FF3F0AD0029B5D
:1051600001930094059B013B049A1649002001F02D
:10517000A7FE0924FFF740FE02E07F23D6E70224C2
:10518000204606B010BD0824FAE700BFDEC0DEC02E
:1051900007B0FE5A0DF005B100E00000FF1F01004E
:1051A0000007F90B00EEFFC000E00700FFBF0E0094
:1051B00000000100FFDF070000C00700FFBF0E0076
:1051C0000020024080A8000870B504460D46054E38
:1051D000304602F0BFFBAA082146304602F014FC1C
:1051E000C04370BDF00C00202DE9F04F99B00D4682
:1051F0009A4B984235D09A4B98423BD1994FDFF861
:10520000E492994C3C1B994EDFF8DC823246984977
:10521000022001F055FE974B00221A60BFF34F8F1A
:10522000D8F800201444BC4205D34C4503D804F1FF
:1052300048034B452CD98F4B1B681BB38D4B1A6809
:105240008D49002001F03CFE062432468B490020A7
:1052500001F036FE0DB100232B60204619B0BDE8E9
:10526000F08F874FDFF884927F4C3C1B854EDFF830
:105270008082CBE77C4FDFF87C92834EDFF8788228
:105280000024C3E78149002001F01AFE0124DCE775
:1052900022467F49022001F013FE764B00221A605D
:1052A000BFF34F8F226C7B4B9A4210D0714B1B681F
:1052B0003BB1704B1A687049002001F001FE0624D2
:1052C000C3E77549002001F0FBFD0224BDE77349E7
:1052D000022001F0F5FD7249022001F0F1FDDFF836
:1052E00094910023C9F80030BFF34F8F04F14401BB
:1052F000C91B3846FFF768FFD9F8003043B9636C23
:1053000083420DD06749002001F0DAFD03249CE7B9
:10531000D9F800205849002001F0D2FD062494E776
:105320006149022001F0CCFD6049022001F0C8FD76
:10533000DFF840B10023CBF80030BFF34F8FA4EB70
:10534000070906AB01934023009308AB4A46394650
:1053500057480068FCF736FFDBF800704FB9B0F52E
:10536000003F0ED002465349002001F0A9FD03245E
:105370006BE7DBF800204049002001F0A1FD062486
:1053800063E701F039FC824648B11F2F0CD81AF8A8
:105390000730013BDBB2FD2B06D90137F5E7464963
:1053A00001F08EFD042450E7444F4FF48063444ADB
:1053B000444909683846FAF7F3FE07AB04934023E3
:1053C00003930294069B019308AB0093202352465B
:1053D0003D4909683846FCF77FFD04463846FAF730
:1053E000F5FE01F0F1FB234B1B6863B9374B9C4280
:1053F00011D0374B9C422AD022463649002001F07A
:105400005FFD052421E71B4B1A681B49002001F0B2
:1054100057FD062419E7079A9A42EAD12E4902203D
:1054200001F04EFD25B109F5015707377F0B2F60BD
:1054300098F8083098F80920B8F80A1001910092FD
:1054400032462649022001F03BFDCA2405E72449E3
:10545000002001F035FD0524F7E600BFEA1DADABE5
:105460007E1AFFC000E0070800000108C0A800087D
:10547000E0A80008A80B002054A8000818AB0008FA
:1054800000C00708CCA80008D8A80008FCA800089D
:1054900030A90008298A449454A9000888A9000862
:1054A000B8A90008D8A90008ECA9000800AA0008BB
:1054B000BCA5000824AA00085CAA0008880B0020EC
:1054C0008807002060A5000814A5000826C706006C
:1054D000936E060098AA0008C8AA0008E4AA00086B
:1054E0007CAA000800A00E0888E1070800A00E08AA
:1054F00088C1070800C007088801010870B5054683
:1055000014460E4609B100230B600CB10023236042
:105510003B4B00221A60BFF34F8F3A48FFF788FCDD
:1055200058B13948FFF784FC38B101232B700020B3
:10553000334B1B68002B59D170BD0C2233493148C5
:1055400004F02CF980B93048FFF772FC60B10223F7
:105550002B7016B12B4BDB893360002C42D0294BCA
:105560009B8923600020E3E70C222949254804F0A9
:1055700015F978B92448FFF75BFC58B103232B7069
:1055800016B1204BDB89336074B31E4B9B892360BB
:105590000020CDE71B48FFF759FC044638B11A48F4
:1055A000FFF746FC18B104232B700020C0E75CB95C
:1055B0001448FFF74BFC88B11348FFF747FC68B16C
:1055C00006232B700020B3E7102212490E4804F086
:1055D000E5F80028ECD105232B70A9E700232B70F8
:1055E0000520A5E70020A3E70020A1E7044B1A68E7
:1055F0000949002001F064FC00232B700B209BE77D
:10560000A40B002000E0000810E0000898B5000896
:105610008CB500087CB5000854A8000870B5044695
:105620000D467F280AD900230B7008252B462246F9
:105630001B49002001F044FC284670BD194B002294
:105640001A60BFF34F8F431D174E06EB031630460B
:10565000FFF7EEFB30B101232B70124B1B68A3B98F
:105660000025E9E73046FFF7F1FB10B103232B706B
:10567000F3E710220D49304604F090F810B90223E8
:105680002B70EAE700232B70E7E7064B1A680849FE
:10569000002001F015FC00232B700B25C6E700BF8E
:1056A00048AB0008A40B002000E000086CB500081F
:1056B00054A80008914252D0F8B51F467F2850D810
:1056C0004FF0FF333B604003274B99420BD0274BF1
:1056D000994206D0264B994201D0002604E0254E7F
:1056E00002E0254E00E0254E06441F4B9A420BD0A7
:1056F0001E4B9A4206D01E4B9A4201D0002504E070
:105700001C4D02E01C4D00E01C4D054400241C4BC8
:105710001C60BFF34F8F00E01034B4F5005F08D277
:1057200010226119A01904F039F80028F4D03C6067
:10573000F2E7134B1B682BB93B68B3F1FF3F0CD06A
:105740000020F8BD0E4B1A680E49002001F0B8FB8E
:105750004FF0FF333B600B20F3E70D20F1E7022011
:1057600070470820EDE700BFDEC0DEC000EEFFC0DE
:1057700007B0FE5A00C0070800E007080000010853
:10578000A80B002054A80008914257D0F8B51E4637
:105790007F2855D840032C4B99420BD02B4B994274
:1057A00006D02B4B994201D0002704E0294F02E09C
:1057B000294F00E0294F0744234B9A420BD0234B3B
:1057C0009A4206D0224B9A4201D0002404E0214C98
:1057D00002E0214C00E0214C0444214B00221A60DD
:1057E000BFF34F8F069B63B94FF4005221463846F2
:1057F00003F0D4FF05461A4B1B68BBB915BB00204C
:105800001FE032462146384603F0C8FF0546069B96
:105810009A19B2F5005FEED0B819A119C2F500527D
:105820001944184403F0BAFF0543E4E70C4B1A6827
:105830000C49002001F044FB0B2002E002207047DD
:105840000820F8BD0C20FCE7DEC0DEC000EEFFC083
:1058500007B0FE5A00C0070800E007080000010872
:10586000A80B002054A800082DE9F04186B0074697
:105870008846364E002500952B46354A3146FFF7BF
:1058800083FF044600952B46324A31463846FFF7DF
:105890007BFF0CB90C2807D00C2C0AD07CB970B94E
:1058A000032388F8003013E0022388F800302046F4
:1058B0000EE00028F2D1032388F8003008E002AAA5
:1058C00022493846FFF7CEFA28B1002388F8003085
:1058D00006B0BDE8F08103AA1D493846FFF7C2FAB9
:1058E00018B1002388F80030F2E7029B2BB1039A2D
:1058F0001AB9022388F80030EAE72BB9039B1BB1E1
:10590000012388F80030E3E704AB114A0F49384619
:10591000FFF7D0FE18B1002388F80030D8E705ABB8
:105920000C4A0A493846FFF7C5FE18B1002388F82B
:105930000030CDE7059A049B9A4203D3022388F8EE
:105940000030C5E7012388F80030C1E7DEC0DEC0C3
:1059500007B0FE5A00EEFFC02DE9F04182B00546C7
:10596000884614461146FFF759FE064600287AD0AD
:105970000B2804D0052802D0CEB9374674E0FDB11B
:105980007F2D38D00DF10601681EFFF747FE0DF19F
:105990000701681CFFF742FE9DF806709DF807306E
:1059A0009F4245D0032F4AD0032F4CD003263346C5
:1059B0002A463449002001F083FA0023237054E082
:1059C0000DF10701681CFFF729FE9DF80770012FF4
:1059D00002D90327002647E0012F01D00326E6E77E
:1059E000294B984501D100263EE021462846FFF785
:1059F0003BFF0646C0E70DF10701681EFFF70EFEEC
:105A00009DF8073023B1032B02D0012700262BE09D
:105A1000032B01D00326CAE71B4B984502D101276F
:105A2000002621E021462846FFF71EFF0646A3E791
:105A3000002BB7D0022BB5D01F46002614E0012B57
:105A4000B2D9002610E0012B01D03E46AFE70E4A46
:105A5000904502D11F46002606E021462846FFF762
:105A600003FF064688E707461FB9304602B0BDE887
:105A7000F0813B462A460549012001F021FA2770B2
:105A8000F3E700BF9CAB0008ADDEE1FE7CAB000895
:105A900070B582B005460E46002422467F2C15D8EC
:105AA0000DF1070229462046FFF756FF024628B9A6
:105AB0009DF80730032B02D10134EFE78024094B16
:105AC0001B682BB93460104602B070BD8024F6E725
:105AD000044B1A680449002001F0F2F94FF0FF343A
:105AE0000B22EFE7A40B002054A80008F8B50746E6
:105AF0000026184B1E60BFF34F8F354607E010227B
:105B00001549204603F04AFEE0B901360135022D61
:105B10000ED8AB1C114C04EB03142046FFF788F998
:105B200070B92046FFF792F90028E8D00236EDE779
:105B30000020084B1B683BB948B14FF0FF3606E028
:105B40000020F6E70520F4E70B204FF0FF363E601B
:105B5000F8BD00BFA40B00205CB5000800E0000801
:105B600038B53A4B00221A60BFF34F8F384B1B6891
:105B7000384A934207D3054637498B4203D803F18D
:105B80004800814212D2314B1B683BB905242246A2
:105B90003249002001F094F9204638BD2B4B1A6899
:105BA0002F49002001F08CF90B24F0E7274800244E
:105BB0000460BFF34F8F186C2A4B98420CD0234BD4
:105BC0001B680BB90524E2E7204B1A6824492046DC
:105BD00001F076F90B24DAE71C4B00201860BFF3C4
:105BE0004F8F1B4B5C68A24205D8A14203D304F13E
:105BF000100399420CD2154B1B680BB90524C6E75C
:105C0000124B1A681649002001F05AF90B24BEE71E
:105C100010221549204603F0C1FD18B902232B704C
:105C20000024B9E72046FFF703F918B101232B70D0
:105C30000024B1E72046FFF709F918B103232B70C0
:105C40000024A9E700242C70A6E700BFA80B0020C1
:105C5000880101080000010800C00708D4AB000853
:105C600054A80008298A44944CB500082DE9F04F47
:105C700083B0DDF830908A427CD098467F287BD86C
:105C80004003414B99420BD0404B994206D0404BC8
:105C9000994201D0002704E03E4F02E03E4F00E071
:105CA0003E4F0744384B9A420BD0384B9A4206D0AD
:105CB000374B9A4201D0002604E0364E02E0364EC1
:105CC00000E0364E0644002F5AD0002E5AD0002451
:105CD00018E015F07F0F32D005F1100207EB080332
:105CE0009A4202D94B44AB4231D85A462946012048
:105CF00002F0ACFA8246703C02F068FABAF1000F8A
:105D00002AD18034B4F5005F30D2254A116B41F0BE
:105D10004041116342F2FA031362E51904EB060BEA
:105D200002F03CFAB9F1000FD3D005F1800307EB84
:105D300008029342CDD94A44AA42CDD8C9E75A466F
:105D4000294644F2010002F081FA8246D4E74C442D
:105D5000803C02F03BFAD4E7CDF800B02B46524627
:105D60001049002001F0ACF80A2006E0FFF744F8E3
:105D7000002002E0022000E0082003B0BDE8F08F20
:105D80000220FAE70220F8E7DEC0DEC000EEFFC026
:105D900007B0FE5A00C0070800E00708000001082D
:105DA000002002400CAC000870B588B004460D46D7
:105DB0007F280AD9082600962B462246274900202C
:105DC00001F07EF8304608B070BD0DF10F01FFF70D
:105DD00025FC064658B10B2804D0052802D0002E19
:105DE000F0D0E8E7032DFAD102238DF80F309DF8AB
:105DF0000F30012B03D0022B26D00426DBE7022D27
:105E000001D00426EBE7102215490DEB020003F048
:105E10005FFC144B1A6B42F040421A6342F2FA02E2
:105E20001A6202F0BBF9611D04AA0F4B03EB0111CA
:105E3000012002F00BFA064602F0C8F9FEF7DCFF7B
:105E4000002EBFD00A26B6E7032DD6D1102200219E
:105E50000DEB020003F070FCDBE700BF4CAC000868
:105E60006CB500080020024000E0000870B586B064
:105E700004460E461546002211460DF10700FFF7B5
:105E80003DFB18B1012C09D006B070BD631E052B77
:105E900078D8DFE803F00312243645523A493B4BE9
:105EA0003B4AC91A490B0020FFF704F90028EBD13F
:105EB0000024002C4ED10020E6E79DF80730012B8E
:105EC00001D00420E0E70C22324902A803F000FCD4
:105ED00031040591AAB2114305912F4CE9E79DF8D1
:105EE0000730012B01D00420CEE70C222B4902A859
:105EF00003F0EEFB31040591AAB211430591264C43
:105F0000D7E79DF80730023BDBB2012B01D92046D1
:105F1000BAE71022002102A803F00EFC1E4CC8E7CD
:105F20009DF80730042B01D00420ADE710221C4956
:105F300002A803F0CDFB1B4CBBE79DF80730042BF8
:105F400001D00420A0E71022002102A803F0F4FBF6
:105F5000144CAEE7144B1A6B42F040421A6342F203
:105F6000FA021A6202F01AF902AA2146012002F08E
:105F70006DF9044602F02AF9FEF73EFF002C9AD094
:105F80000A2081E702207FE70000010800E0000806
:105F90000DF005B198B5000800E000088CB50008C8
:105FA0007CB5000810E00008002002402DE9F04F09
:105FB00089B007468A4691460023079306AA05A999
:105FC0000DF11200FFF79AFA28B99DF81250022D30
:105FD00023D0032D36D0002211460120FFF746FFC3
:105FE000054600284ED19E4B9F4256D09D4B9F4266
:105FF00063D03A469C49002000F062FF0725984B89
:106000009F4200F02182994A2B469949002000F0D6
:1060100057FF284609B0BDE8F08F914B9F42DAD177
:10602000059B5345D7D1069B4B45D4D107A938468C
:10603000FFF72EFD05460028E1D1079B4B4543D9CC
:106040000325DCE7874B9F42D9D1059B5345D6D129
:10605000069B4B45D3D107A93846FFF719FD0446E7
:1060600020B9079B4B45CAD805462DE00246814919
:10607000002000F025FF002211460120FFF7F6FE68
:10608000254607E0009001239DF812207A49002060
:1060900000F016FF002DBCD0B1E74A465146022061
:1060A000FFF7E4FE054678B1009002239DF8122028
:1060B0007149002000F004FF1FE04A460021032040
:1060C000FFF7D4FE054680B9654B9F4219D0674E55
:1060D00032466A49022000F0F3FE079B9BB9079CF9
:1060E000002302939B4603966AE0009003239DF8E9
:1060F00012206149002000F0E3FE002D7FF47FAF05
:10610000E2E75F4EE4E7642000FB03F35146CA4533
:1061100038BF4946B3FBF1F201FB123300FB03F336
:10612000B3FBF1F35749022000F0CAFED7E708F1AC
:106130000108B8F1040F1BD8534A01212046FEF78D
:10614000B9FF05460028F2D1002300934F4A4E497B
:106150002046FFF78BFD05460028E8D10023009379
:106160004A4A49492046FFF70FFB05460028DED181
:10617000002D42D102212046FFF716FE054638B118
:106180000A2840F01C8122464149012000F098FE77
:1061900002238DF813309DF81330022B00F0C980D4
:1061A0000134642101FB04F3B3FBF6F206FB123366
:1061B00001FB03F3B3FBF6F33249022000F080FE4B
:1061C0005646CA4538BF4E46A64240F2B7800DF14A
:1061D000130239462046FFF7BFFB0546002840F072
:1061E000EC809DF81330012BD5D11D4B9F42C1D1BE
:1061F0005445BFD24FF000089BE7039E2B46224632
:106200002449002000F05CFE99E0234B00221A6034
:10621000BFF34F8F214B5B68214A934211D3214A30
:1062200093420ED803F110018A420AD341F6F07B63
:1062300003EA0B0BCBF500550F3525F00F051A4A75
:1062400037E0039E144B1B680BB9052551E0124B38
:106250001A681649002000F033FE0B2549E000BF04
:106260007ADA0D60ADDEE1FED8AC0008CCA80008FB
:1062700024AE00087CAC0008A0AC0008F4AC000818
:10628000C0A800080CAD000807B0FE5ADEC0DEC092
:1062900050AD000828AD0008A80B002088010108B7
:1062A0000000010800C0070800EEFFC054A8000865
:1062B000664A00955B4666492046FFF7D7FC0346D1
:1062C00000BB644B9F421BD0604A00955B4660490F
:1062D0002046FFF759FA0346A0B903212046FFF7ED
:1062E00063FD034670B902951D46002B3FF458AF7D
:1062F000039E2B4622465849002000F0E1FD1EE097
:10630000564AE2E708F10108B8F1040FEBD8504A09
:1063100001212046FEF7CEFE03460028F2D14D4B68
:106320009F42C5D109F1FF33A3423FF46EAF4B4A00
:10633000BFE74FF000082B46029DE5E7039E002DC6
:106340007FF45DAE4649022000F0BAFD454B464A57
:106350009B1A590BB9EB533F33D33E4B9F421CD191
:10636000BAF1000F06D0414B414A9B1A590BBAEBC8
:10637000533F31D33F4B3E4C1C1B3F48C01A640B6C
:10638000364A2146C4EB5030FEF794FE05460028FD
:106390007FF435AEBAF1000F29D000221146042057
:1063A000FFF764FD054658BB344B9F423CD0324654
:1063B0003349022000F084FD6CE6039EBFE7039E94
:1063C000BDE7234AA1EB09014846FEF773FE0546E7
:1063D00000287FF414AEC0E71C4AA1EB0A01504626
:1063E000FEF768FE054600287FF409AEC2E7174AAB
:1063F0002146FEF75FFE054600287FF400AECCE79D
:106400000446034604221F49002000F059FD114BA9
:106410009F4207D00322009404231B49002000F070
:106420004FFD37E60222F6E7002211460520FFF76E
:106430001DFD05460028BAD000900523032212490D
:10644000002000F03DFD25E6104ADDE507B0FE5ACC
:10645000DEC0DEC07ADA0D6080AD000800EEFFC05D
:10646000A8AD000800C007080000010800A00E0841
:1064700000C0070800E0070800A00E08ADDEE1FE3E
:10648000F0AD0008C4AD0008A0AC0008C0A800082A
:1064900030B583B0054601A90E48FEF7A5FE0446B7
:1064A000CA2802D0204603B030BD019A29460A48C6
:1064B000FFF77CFD10B100F0F1FBF3E70749022084
:1064C00000F0FEFC00BF03F04DFA0028FAD0FEF702
:1064D00081FC00BF7E1AFFC07ADA0D604CAE000866
:1064E00010B582B001A90E48FEF77EFE0446CA2808
:1064F00002D0204602B010BD019A00210948FFF7E2
:1065000055FD10B100F0CAFBF3E70749022000F087
:10651000D7FC00BF03F026FA0028FAD0FEF75AFC99
:10652000EA1DADABADDEE1FE4CAE000808B50022C1
:1065300011460620FFF79AFC38B1024608490020B0
:1065400000F0BEFC00F0AAFB08BD0649012000F0E7
:10655000B7FC00BF03F006FA0028FAD0FEF73AFCB9
:106560006CAE00088CAE000830B585B00025022D59
:1065700031D8AB1C1A4C04EB03142046FEF758FC30
:1065800038B910221749204603F008F9E8B101355F
:10659000EDE710221349684603F09AF8124B1A6B84
:1065A00042F040421A6342F2FA021A6201F0F6FD2A
:1065B0006A462146012001F049FE044601F006FE2C
:1065C000FEF71AFC44B10A2406E0102200216846B6
:1065D00003F0B2F8E2E70E24204605B030BD00BF5C
:1065E00000E000085CB500080020024008B5134A2E
:1065F0001349022000F064FC124801F0EBF900BFDF
:1066000003F0B0F90028FAD003F0A4F90E4AD2F84A
:10661000883023F00103C2F88830FEF7E9FC0B4B09
:106620000222DA601A6822F001021A60074B1B6826
:1066300013F0010F01D000BFF8E708BD000001080A
:10664000B0AE0008F00C0020000C0246000403402D
:10665000064A074B9A60074B1B6883F30888064B72
:106660001A68064B104619460968084700000108D9
:1066700000ED00E000000108A00B0020040001086C
:1066800010B588B005AA04A90DF10E00FEF736FF7B
:10669000044680B99DF80E20931EDBB2012B23D94E
:1066A000042A42D0062A0CD17149012000F008FCCE
:1066B000FFF716FF16E002466E49012000F000FCCD
:1066C00000249DF80E30042B40F0A980CA2C40F025
:1066D000BD809DF80E30002B00F0A780FFF786FFED
:1066E000FFF7B6FF08B010BD022A1AD0624A63490C
:1066F000012000F0E5FB9DF80E30022B13D060481E
:10670000059A0499FFF752FC0028EBD15D4902205D
:1067100000F0D6FB00BF03F025F90028FAD0FEF701
:1067200059FB594AE3E75948EAE706A95848FEF7F2
:106730005BFD0446CA2802D0FFF7F8FED2E70DF150
:106740000F00FFF70DFAE0B99DF80F30022B1BD0B8
:10675000032B3CD0012BB4D107A8FFF7C7F90246A1
:1067600000283BD1079B042B3FD9079A012A48D91F
:10677000042A4DD8052301324649012000F0A0FB30
:106780009FE7FFF7D3FEADE74349022000F098FBF7
:10679000002211460520FFF769FB002891D00090E8
:1067A000052304223D49002000F08AFB0022114607
:1067B0000120FFF75BFB002883D000900123042217
:1067C0003649002000F07CFB00F068FA8AE7344983
:1067D000022000F075FBFFF7A9FE83E73149002096
:1067E00000F06EFBFFF7A2FE7CE7FFF7BDFE02465E
:1067F0000028BAD02C49002000F062FBFFF796FE7B
:1068000070E7052301322349022000F059FB58E7C5
:106810002649002000F054FBFFF788FE62E706A936
:106820001B48FEF7E1FC044650E707A8FFF798F97C
:1068300000287FF453AF9DF81C30022B7FF44EAF3D
:10684000002211460120FFF711FB47E718490220FB
:1068500000F036FB0020FFF71BFECA283FF442AFD2
:106860001449022000F02CFBFFF73AFE3AE700BF84
:1068700074B00008D8AE0008CCA800080CAF00081F
:10688000ADDEE1FE4CAE0008C0A800087ADA0D606B
:1068900011CA5EBA08B000083CAF0008A0AC0008FE
:1068A00074AF0008ACAF0008E0AF000838B00008D3
:1068B0009CB00008E0B0000800B58BB0444B1A68EB
:1068C00022F004021A601A6842F001021A60FEF710
:1068D00015FB00F0C3FD03F023F83E4803F0C2F8B7
:1068E0003D4A3E49022000F0EBFA3D4A3D49022074
:1068F00000F0E6FA3C4A3D49022000F0E1FA3C4A49
:106900003C49022000F0DCFA00F0F8FE0990C0F3E8
:1069100007230093C0F30743020E3749022000F01B
:10692000CFFA05A803F04CF9079B0193089B00934D
:10693000059B069A3149022000F0C2FA304BB3F8A9
:10694000A0104FF6FF73994203D021B94FF4806134
:1069500001E04FF480612B4B9A0AB1EB932F23D0C7
:10696000B3F5801F00D31A0DB3F5801F06D3264B55
:10697000B1F5806F04D3890A234802E0234BF7E77F
:106980002248019000912249002000F099FA00F07D
:1069900085F9204B03930023049303A8FBF75AFCCB
:1069A00078B90BB05DF804FBB1F5806F07D3890AA5
:1069B000154B0A461849022000F082FAE9E7134B0A
:1069C000F7E71649002000F07BFA00F067F9E8E7E6
:1069D00000040340B8B400082CB1000834B100082A
:1069E00044B100084CB1000860B1000894B100083F
:1069F000A8B10008BCB10008D8B10008F0B1000887
:106A00000007F90B0000100024B1000828B10008AD
:106A10001CB200080041425774B2000890B200084E
:106A200010B582B0514BD3F8F42051490A60D3F825
:106A3000F41041F40001C3F8F41012F080641FD088
:106A400022F08060B0F1006F25D0B2F1806F25D0C8
:106A5000B0F1805F3FD0B0F1007F3FD0B0F1905FE8
:106A60003FD0B0F1005F3FD0B0F1804F3FD0B0F1E8
:106A7000C04F3FD0B0F1004F07D100243D4A0FE096
:106A80003D49012000F01CFA0EE03B49012000F0D6
:106A900017FA002408E00024384A01E00024384AAC
:106AA0003849022000F00CFA3CB34FF000531A684A
:106AB000354B9A4205D14FF000535A68334B9A42F6
:106AC0001ED0FFF7DDFD3249002000F0F9F900F09B
:106AD000E5F802B010BD01242E4AE1E700242E4A59
:106AE000DEE700242C4ADBE700242C4AD8E7002408
:106AF0002A4AD5E70024294AD2E7FFF7C1FDE2E799
:106B00002749022000F0DCF94FF0005300221A6000
:106B10005A6001A92348FEF767FBCA280CD16946D1
:106B20002148FEF761FB019A00992048FFF73EFAE1
:106B300088B100F0B3F8C6E71D49002000F0C0F9A5
:106B40001C491D4B1D4AC91A490B0020FEF7B2FA19
:106B5000FFF796FDE3E71A49022000F0B1F900BF04
:106B600002F000FF0028FAD0FEF734F9000C0246CC
:106B7000A00B0020E0B2000808B30008ACB2000887
:106B8000F8B200084CB300084CF9A36DB3065C9250
:106B9000C4B30008ECB20008CCB20008C0B20008D0
:106BA00064B300087E1AFFC011CA5EBA7ADA0D60BB
:106BB0008CB3000800A00E0800E0070800EEFFC03C
:106BC0004CAE00080020704738B5EFF3108572B660
:106BD000084B1C6854B120220021204603F02AFAF9
:106BE000204603F071F9034B00221A6085F31088E8
:106BF00038BD00BFAC0B002070B5EFF3108672B645
:106C00000D4B1B680BB1FFF7DFFF202003F054F999
:106C10000446094B186050B1084D0FCD20606160EB
:106C2000A260E3600FCD20616161A261E36186F340
:106C30001088014B186870BDAC0B0020E8B3000849
:106C400000B583B00B4BD3F8882042F00102C3F8A3
:106C50008820D3F8883003F001030193019B0022C0
:106C60000821212000F0B4FD212000F0C1FD03B077
:106C70005DF804FB000C024682B0074BD3F88C2071
:106C800042F00102C3F88C20D3F88C3003F00103EA
:106C90000193019B02B07047000C024608B500BF8B
:106CA00002F060FE0028FAD072B6FEE708B5094887
:106CB000094B0360002303714371C3606023436188
:106CC000802383610323036200F044FE00B908BD02
:106CD000FFF7E4FFF00C00200030024008B5124836
:106CE000124B03604FF4E133436000238360C360C1
:106CF0000361082242618361C3610362436283626C
:106D000002F02CFC50B94FF08041074802F0B4FC6F
:106D100030B9054802F08CFC20B908BDFFF7BEFF72
:106D2000FFF7BCFFFFF7BAFFB00B002000380140AF
:106D300008B5354A136823F00F031360324B1B6804
:106D400013F00F0FFAD1314AD36843F48033D36084
:106D500002F58062136843F4807313602C4B1B6848
:106D600013F4806F0BD02A4A136923F4F81343F409
:106D700080131361D36923F00303D36102E000BFE2
:106D8000ECE700BF224BDB6913F00C0FF9D1204B6D
:106D90001A6A22F007021A62D3F8002222F01002C7
:106DA000C3F800221A6A22F070021A621A6A22F4E8
:106DB000E0621A625A6A22F070025A62154802F0C2
:106DC00081FC124A936A43F0010393620F4B9B6A62
:106DD00013F0010F01D100BFF8E70D4AD2F8F030EF
:106DE00043F00103C2F8F030094BD3F8F03013F050
:106DF000020F01D100BFF7E70E2000F09BF900B9A8
:106E000008BDFFF74BFF00BF00200240000802460C
:106E1000000C02460024F40000B589B00023019361
:106E20000293039304930593069307931048114A22
:106E3000026083600361436183614FF08042C261FD
:106E400003624FF48073436201F026FD60B90023B2
:106E5000019304930593069301A9054801F0A0FD51
:106E600020B909B05DF804FBFFF718FFFFF716FF24
:106E7000140D00200078004600B583B000F016FC29
:106E80000E4BD3F8942042F00402C3F89420D3F8B8
:106E9000943003F004030193019BFFF749FFFFF7D0
:106EA000EBFEFFF7CDFEFFF7B7FFFFF7FFFEFFF7A3
:106EB00015FFFFF701FDFFF7B3FDFEE7000C0246EB
:106EC0000EB410B5A1B004460DF17A0000F0ECFA52
:106ED000BDF87A104FF47A7303FB0011032C14D819
:106EE000DFE804F002181C20104802F0BBFD24ABC0
:106EF0001F93239A7821684602F016FF69460C48D2
:106F000002F0B0FD0B4802F0ADFD21B0BDE810402D
:106F100003B07047084802F0A5FDE8E7074802F013
:106F2000A1FDE4E7064802F09DFDE0E70CB400088F
:106F30005CB10008B8B4000828B4000844B40008E4
:106F40005CB400087047000002680A4B9A4200D007
:106F5000704782B0084BD3F8882042F48052C3F8BF
:106F60008820D3F8883003F480530193019B02B04A
:106F7000704700BF00300240000C02460268064B1A
:106F80009A4200D07047054AD2F8883023F48053E3
:106F9000C2F88830F6E700BF00300240000C02461D
:106FA00002680E4B9A4200D0704782B003F5CA3394
:106FB000D3F8F02022F4407242F48072C3F8F0203B
:106FC000D3F8A82042F40012C3F8A820D3F8A830C0
:106FD00003F400130193019B02B070470078004650
:106FE000F0B589B0002303930493059306930793A8
:106FF0000268364B9A4201D009B0F0BD0446344BCA
:10700000D3F8E02022F00302C3F8E020D3F8A42054
:1070100042F48042C3F8A420D3F8A42002F48042B2
:107020000292029AD3F88C2042F00302C3F88C201B
:10703000D3F88C3003F003030193019B4FF480538A
:1070400003930227049701250595069507260796C1
:1070500003A9204801F098F94FF480730393049733
:1070600005950695079603A91B4801F08DF91B4865
:107070001B4B03600C234360002383604FF480624A
:10708000C2600822026143618361C3610362456299
:107090008562C3620363436300F0ACFD78B90F48B7
:1070A000E067C465102100F0B5FF58B900220E2139
:1070B0002E2000F08DFB2E2000F09AFB9CE7FFF7BE
:1070C000EDFDECE7FFF7EAFDF0E700BF0038014017
:1070D000000C02460004024200000242780C00202C
:1070E0005002024002680F4B9A4200D0704710B520
:1070F00004460D4AD2F8A43023F48043C2F8A430E9
:107100004FF48051094801F0FFF94FF480710848AD
:1071100001F0FAF9E06F00F0A4FD2E2000F06CFB06
:1071200010BD00BF00380140000C024600040242BE
:10713000000002420020704700B583B001A800F0B3
:10714000C9F9019B054AA2FB03239B094FF47A72FC
:1071500002FB003003B05DF804FB00BFD34D6210AA
:1071600008B51D4B1B6B002B00DBFEE71A4B1B6B9E
:1071700013F4800F19D14FF00063174A126BC2F35A
:1071800013021A44154B934202D8154B93420ED862
:10719000144B934202D8144B934212D81349002047
:1071A000FFF78EFEFFF77AFDDFE7114BE5E7114BA6
:1071B0001A60BFF34F8F084A136B43F00043136309
:1071C00008E00D4B1A60BFF34F8F034A136B43F077
:1071D0000043136308BD00BF002002400000010807
:1071E00000A00E0800E000080000010878B40008C4
:1071F0000080F80BA80B0020A40B0020FEE7FEE7A0
:10720000FEE7FEE770477047704708B500F06AFA7E
:1072100008BD000008B5024800F023FE08BD00BF0D
:10722000780C002008B5024801F038FD08BD00BF09
:10723000B00B002008B503460B4A126842B10A4A57
:1072400010680344094A934206D8074A136008BDF0
:10725000054A07491160F2E702F004FF0C230360BE
:107260004FF0FF30F3E700BF440D00200000022084
:10727000D0140020FEE76FF00100704708B5024B04
:107280001B680020984708BD480D00200368154A78
:10729000934216D08032934215D08032934214D05C
:1072A0008032934213D08032934212D08032934284
:1072B00011D08032934210D0803293420FD066209A
:1072C00070471D2070471E2070471F2070472020E8
:1072D00070472120704722207047232070472420C8
:1072E000704700BF5000024008B5054B1860054BC1
:1072F000054AC3F89820054802F0B4FB002008BDF9
:10730000480D0020B00B00207D720008B4B40008C6
:1073100008B5064801F020FC08B9002008BD034B61
:107320000022C3F898206FF00300F7E7B00B0020AD
:1073300038B504460D460B4BD86FFFF7A7FFA0F1F9
:107340001D03DBB2072B06D82A462146054801F06B
:1073500031FC18B938BD6FF00100FBE76FF0010098
:10736000F8E700BFB00B0020806870474FF47A73D5
:10737000A0FB0303C00B40EA4340704742014B01AE
:10738000121A43EAD06363EB01034FEA422C5B021B
:107390001CEB000C43EAD25341EB030300B54FEA68
:1073A0008C124FEA831EB2EB0C024EEA9C6E6EEB1F
:1073B000030E101841EB0E01C00B40EA4140C90B0F
:1073C0005DF804FB02460221014801F0DBBA00BF70
:1073D000140D002010B5EFF3108472B64FF48071D5
:1073E000064801F0B7F9BFF34F8FBFF36F8F01224B
:1073F000034BDA6584F31088002010BD140D0020C3
:107400000078004638B50A4B186800B938BD0948FD
:10741000FFF7AAFF074D044603E02846FFF7A4FF45
:1074200004462846FFF7A0FFA042F6D1E04338BD4E
:10743000500D00200078004610B5EFF3108472B6AE
:10744000FFF7E0FF044A1060BFF34F8FBFF36F8F69
:1074500084F3108810BD00BF4C0D002008B50A4B06
:107460001B680BB1002008BDFFF7D6FCFFF7B2FF89
:10747000064801F06DFA0020FFF7A4FFFFF7DCFFDC
:10748000014B01221A60EDE7500D0020140D002081
:10749000034B186800B970470221024801F079BA1D
:1074A000500D0020140D002070B50546EFF3108636
:1074B00072B6FFF7A7FF0446FFF7EAFF014686F31F
:1074C0001088C4F30E00FFF751FFE20B288042EA58
:1074D000414070BDF8B50646EFF3108772B6FFF76E
:1074E00091FF0446FFF7D4FF054687F3108800217B
:1074F0000C19C4F30E00FFF741FFE40B306044EABF
:107500004540F8BDD458C4500433C4188C42F9D354
:107510007047036004308842FBD3704714484FF033
:107520000401026842EA01020260016811484FF05A
:10753000040102680A4206D00F480168002902D1FE
:10754000FFF786F812E00D48854600F023F80C4856
:107550000C490D4A0023FFF7D8FF0C480C490023C3
:10756000FFF7D9FF02F084FDFFF786FCFEE700007D
:10757000940C024608080246F40C0246100700204C
:107580001007002068070020FCB5000868070020ED
:10759000D0140020044BD3F8882042F47002C3F8C2
:1075A0008820024A9A60704700ED00E00000000861
:1075B000364BDB6903F00C03082B05D00C2B0CD0E9
:1075C000334B344A1A604CE0304B1A68C2F3005215
:1075D000314BD3402E4A136043E02C4B996A5B6BCE
:1075E000C1F30222013207EE102AC3F3080201326E
:1075F00007EE902AC3F30663013311F0100F3BD05E
:10760000224A926BC2F3CC0206EE902AF8EE666A2A
:1076100001F00301022932D0032933D11B4A11683A
:10762000C1F300511C4ACA4006EE102AB8EE466A61
:10763000B8EE477AC6EE075AF8EE677A9FED177AEA
:1076400026EE877A77EE877A65EEA76A07EE903A9C
:10765000F8EE677A86EEA77ABCEEC77A0C4B83ED1C
:10766000007A0A4B1B6A03F007030D4AD15C084AF3
:107670001368CB4013607047DFED0A6AC8E79FEDDF
:10768000056AD3E79FED086AD0E700BF000C024609
:10769000100700200024F4000048E8010000003931
:1076A000BCB50008000000000000000010B50C4A46
:1076B000136843F480731360032000F077F8FFF73A
:1076C00077FF042000F09CF80E20FFF733FD10B187
:1076D0000124204610BD0446FFF734FCF9E700BF43
:1076E00000200240034B1B78034A11680B441360CF
:1076F000704700BF14070020540D00200048704759
:1077000000000701002807DB00F01F0240090123E9
:107710009340024A42F82030704700BF00E100E089
:1077200000280CDB00F01F024009012393402030A9
:10773000034A42F82030BFF34F8FBFF36F8F70477B
:1077400000E100E0002808DB0901C9B200F1604057
:1077500000F5614080F80013704700F00F00090148
:10776000C9B2014B1954704714ED00E000B500F0A8
:107770000700C0F1070CBCF1040F28BF4FF0040C48
:10778000031D062B0FD9C31E4FF0FF3E0EFA0CF05F
:1077900021EA000199400EFA03FE22EA0E0241EAB4
:1077A00002005DF804FB0023EEE70000074AD368FF
:1077B00023F4E0631B041B0C000200F4E0600343AD
:1077C00043F0BF6343F40033D360704700ED00E043
:1077D00010B50446054BD868C0F30220FFF7C6FF7A
:1077E00001462046FFF7AEFF10BD00BF00ED00E0F0
:1077F00008B5FFF787FF08BD08B5FFF791FF08BD83
:10780000042838D8DFE800F00A18283703004FF0C2
:10781000E022136943F00403136170474FF0E02244
:10782000136923F004031361134AD2F8E03023F400
:107830004003C2F8E03070474FF0E022136923F0B4
:10784000040313610C4AD2F8E03023F4400343F4FC
:107850008003C2F8E03070474FF0E022136923F054
:1078600004031361044AD2F8E03023F4400343F4E4
:107870000003C2F8E0307047000C024610B54FF02C
:10788000000C14E011F82C4001EB8C0E9EF8013036
:107890001B0443EA04639EF8024043EA04239EF873
:1078A00003E043EA0E03046823600CF1010CBCEB17
:1078B000920FE7D312F0030205D0012A06D0022A64
:1078C00009D0032A11D00368186810BD036811F8A5
:1078D0002C401C70F3E711F82C4001EB8C035B7813
:1078E00043EA042304682380EBE711F82C2001EB22
:1078F0008C014B7843EA02230268138003688A787C
:107900001A70E0E70023B3EB520F18D230B431F80D
:1079100023C001EB8304648844EA0C4405682C60AE
:107920000133B3EB520FF2D312F0010F03D0026810
:1079300031F8233013800368186830BC704712F0A8
:10794000010F03D0026831F82330138003681868F0
:1079500070470000002838D010B50446437F1BB3A1
:107960000223637723791BBB2368194A5A61226873
:10797000936823F018039360637913BB23684FF077
:10798000FF321A612268936823F0600361690B4338
:1079900093602268936823F08003A1690B4393608E
:1079A00001236377002010BD0377FFF7CDFAD7E7F7
:1079B000E268A168204600F04FF80028DCD00120E2
:1079C000F1E7236822691A61DCE70120704700BFF4
:1079D000B71DC104B0B138B50546407FC0B202281A
:1079E0000FD002236B772A68936843F001039360FA
:1079F0002B6800245C602846FFF7C0FA6C772C7770
:107A0000204638BD0120704738B50446022343772D
:107A10000068836843F001038360236A022B17D058
:107A2000032B0FD0012B0FD000200123637738BD2B
:107A3000206851F82350056001339342F8D323683E
:107A40001868F2E70023F8E72046FFF717FFECE796
:107A50002046FFF757FFE8E711F0010F30D010B4D0
:107A60001F231C46013B34B103F01F0C21FA0CFC10
:107A70001CF0010FF5D0182A24D8DFE802F00F23FC
:107A80002323232323231D232323232323231923D6
:107A90002323232323230D00062B17D803685961C2
:107AA00001688B6823F0180313438B6000200AE001
:107AB000072BF3D9012006E00F2BEFD9012002E0BC
:107AC0000120704701205DF8044B70470120FAE760
:107AD00030B40568AC6C4FEA144C4FEA0C4C9BB2C6
:107AE0004CEA0303AB6403684FF4FE44DC600368B4
:107AF000D96403681A6530BC7047000010B4016A8D
:107B00000268536923F443030B4353614369C26919
:107B1000134302691343826913430168334A914254
:107B200014D08032914211D0803291420ED08032F6
:107B300091420BD08032914208D08032914205D0E0
:107B40008032914202D0803291420FD1826A013A52
:107B5000120502F07C72C46A44EA020C426A013ADD
:107B6000120102F47C724CEA020213430A6C02F026
:107B7000802213430B648368426802F03F02134380
:107B8000026B1343C268B2F5806F10D0B2F5007F6C
:107B900029D001684C6C164A22401A434A64026894
:107BA000002393640268D3675DF8044B7047026852
:107BB0000E498A4214D080318A4211D080318A42E3
:107BC0000ED080318A420BD080318A4208D0803179
:107BD0008A4205D080318A4202D080318A42D8D18F
:107BE00043F48063D5E743F40073D2E750000240CA
:107BF000C031E03C38B50446FFF79EFA7CB3054639
:107C00002268002384F84C3094F8543023B923665A
:107C10006366A366E3662367022384F854305369DE
:107C200043F00603536123685B6913F0010F0BD027
:107C3000FFF782FA431B052BF5D91023A365032315
:107C400084F85430012009E02046FFF757FF636BAA
:107C500023650020A065012384F8543038BD01203D
:107C6000FCE770B50446FFF767FA002C4CD00546D8
:107C7000236823F47F6626F00F065A6942F0060255
:107C80005A6123685A6912F0010F0BD0FFF754FABA
:107C9000431B052BF5D91023A365032384F8543027
:107CA000012030E000221A6023685A6123681A64B8
:107CB00023685A6423689A642368DA6423681A651F
:107CC0002368DA6771682368C3F30B03503BC3F37F
:107CD000C413012000FA03F321EA0303736023684D
:107CE0004FF4FE41D96022666266A266E2662267B0
:107CF0006267E36D03B1E26500202065A06584F84A
:107D0000540084F84C0070BD0120FCE7002836D0F8
:107D100010B5044690F84C00012832D0012084F8B8
:107D20004C0094F85400C0B2012806D04023A3654B
:107D3000002384F84C30012010BD022084F8540048
:107D40000020A0652046FFF7C3FE2268536943F474
:107D5000BA435361636E23B12268536943F40073DD
:107D60005361236F23B12268536943F40053536175
:107D70002268536943F0010353610020DCE70120CE
:107D800070470220D8E738B50446FFF7D5F9002C34
:107D90004DD0054694F85430DBB2022B06D0202398
:107DA000A365002384F84C30012038BD2268536954
:107DB00043F004035361052384F8543023681A699F
:107DC00012F4005F17D1FFF7B7F9431B052BF5D964
:107DD000A36D43F01003A365032384F85430236D8F
:107DE00013F0800F02D0636F01221A73002384F80E
:107DF0004C300120D9E75A6942F002025A6104234B
:107E000084F8543023684FF4FE42DA60012384F88A
:107E10005430236D13F0800F05D0636F01221A7365
:107E2000236800229A64002084F84C00BDE70120FA
:107E3000BBE7A0B190F85430DBB2022B03D0202373
:107E4000836501207047042380F854300268536929
:107E500043F4005343F004035361002070470120B2
:107E6000704710B50446026822F47F6020F00F00CE
:107E7000C2F30B03503BC3F3C413012101FA03F314
:107E8000C168194200F0C580136913F4806F0AD0ED
:107E9000536913F4806F06D04FF48063D360A36DF1
:107EA00043F00103A36523681A6912F4006F0AD036
:107EB0005A6912F4006F06D04FF40062DA60A36DC5
:107EC00043F00203A36523681A6912F4805F0AD0A5
:107ED0005A6912F4805F06D04FF48052DA60A36DC5
:107EE00043F00403A36523681A6912F4804F0AD093
:107EF0005A6912F4804F06D04FF48042DA60A36DC5
:107F000043F00803A36523681A6912F4007F0AD0BE
:107F10005A6912F4007F06D04FF40072DA60636E83
:107F20000BB12046984723681A6912F4005F12D0FB
:107F30005A6912F4005F0ED04FF40052DA6094F8E0
:107F40005430DBB2042B1DD0052384F85430236F4A
:107F50000BB12046984723681A6912F4807F40D0FD
:107F60005A6912F4807F3CD0226D12F0800F28D025
:107F7000DA6F5ABB9B6C4BBB012384F85430626FA1
:107F8000137323E02268536923F40053536122687A
:107F9000536943F002035361012384F85430236D85
:107FA00013F0800F05D0636F01221A73236800223B
:107FB0009A64002384F84C30E36E53B3204698470C
:107FC00027E09B6C13B9012384F8543023684FF4E5
:107FD0004072DA60002384F84C30236E0BB12046E7
:107FE0009847A36DABB12268536943F00203536114
:107FF000012384F85430236D13F0800F02D0636F97
:1080000001221A73002384F84C30A36E0BB1204672
:10801000984710BDE8B1036823F47F6020F00F009B
:10802000C3F30B03503BC3F3C41301229A4011F076
:10803000100F10D001F01101112905D0436823EA77
:1080400002034360002070474368134343600020ED
:108050007047012070470020704700000B4609B1AF
:10806000024919600AB1052313607047000001F846
:1080700000285ED010B582B00446416F00295AD066
:1080800090F85430DBB20268526902F48032012B5E
:1080900003D0022B46D1002A44D094F85430DBB2EE
:1080A000012B07D02268536943F00103536100207C
:1080B00002B010BD94F84C30012B3ED0012384F85F
:1080C0004C30022384F854300B730023A365626F95
:1080D00013612268536943F4BA435361636E23B159
:1080E0002268536943F400735361236F23B12268FC
:1080F000536943F400535361636F002201A9186868
:10810000FFF7ACFF636F22685B881B041360636F2B
:108110001B6823F003031B041B0C226801990B430B
:10812000D367BFE74023A365002384F84C300120C8
:10813000BEE7012070470120BAE70220B8E700003F
:10814000094A936A43F001039362EFF3108C72B60D
:10815000042351F8042B40F8042B013B13F0FF03D8
:10816000F7D18CF310887047002002400A4A936AC6
:1081700043F4804343F001039362EFF3108C72B633
:10818000202351F8042B40F8042B013B13F0FF038C
:10819000F7D18CF31088704700200240094B9B6A8E
:1081A000002B01DB00207047064B074A9A6002F162
:1081B00088329A609B6A002B01DB00207047012007
:1081C000704700BF0020024023016745054B9A6AB3
:1081D00042F000429A629B6A002B01DB012070474B
:1081E000002070470020024038B50446FEF7A4FF87
:1081F0000546144B1B6A13F4403F09D0B4F1FF3F0E
:10820000F7D0FEF799FF401BA042F2D3032016E0FF
:108210000C4B1B6A42F2FA02134009D1094B1B6A4C
:1082200013F0010F0CD0074B01221A62002006E068
:1082300005494A681A434A60024A1362012038BD60
:108240000020FCE700200240580D0020174B1B784F
:10825000012B29D070B504460D461646134B01225A
:108260001A7000225A604FF47A70FFF7BDFF90B980
:108270000E4B9C6024F00044012C10D0314628465F
:10828000FFF774FF4FF47A70FFF7AEFF084A936A66
:1082900023EA04039362054B00221A7070BD314635
:1082A0002846FFF74DFFEDE702207047580D0020EC
:1082B00000200240034A936A43F4803343F00403EE
:1082C0009362704700200240064A936A23F4813388
:1082D00023F4FD7343EAC00343F4803343F0020305
:1082E0009362704700200240254B1B78012B42D03F
:1082F00070B505460E46224B01221A7000225A60C4
:108300004FF47A70FFF770FF844678BB2B681C4AE5
:10831000936023F00043042B13D04FF0FF333360FE
:108320006C686B68AA681344A34213D92046FFF710
:10833000CBFF4FF47A70FFF757FF844648B90134FA
:10834000EFE7FFF7B7FF4FF47A70FFF74DFF844672
:1083500000E034600B498A6A2B6823F0004323F461
:108360007E7343F47E7322EA03038B62044B002284
:108370001A70604670BD4FF0020C6046704700BF37
:10838000580D002000200240F0B500232FE0856842
:108390005E000324B44025EA0405CC68B4402C43B5
:1083A0008460456825EA0C054C68C4F300149C40C1
:1083B0002C4344602DE08C68012C2FD13DE0DD087A
:1083C000083550F8254003F00706B6004FF00F0CB3
:1083D0000CFA06FC24EA0C0C0C69B44044EA0C04C8
:1083E00040F825402EE0464AC2F8804001330A6832
:1083F00032FA03F400F082804FF0010C0CFA03FC17
:108400001CEA0202F2D04C6804F00304013C012C87
:10841000BDD94C6804F00304032CCCD0C4684FEAE7
:10842000430E4FF0030C0CFA0EFC24EA0C0C8C6883
:1084300004FA0EF444EA0C04C4604C6804F003042B
:10844000022CBCD004684FEA430E4FF0030C0CFA28
:108450000EFC24EA0C0C4C6804F0030404FA0EF43D
:1084600044EA0C0404604C6814F4403FBED04FEA68
:10847000930C234D0CF1180C55F82C6003F0030EEF
:108480004FEACE0E0F2404FA0EF426EA04061D4C21
:1084900004EA902404FA0EF4344345F82C402D6885
:1084A000D44325EA02064F6817F4801F01D042EA40
:1084B0000506134D2E606D6804EA05064F6817F433
:1084C000001F01D042EA05060D4D6E60D5F88450BC
:1084D00004EA05064F6817F4003F01D042EA05069A
:1084E000074DC5F88460D5F880502C404E6816F4CE
:1084F000803F3FF478AF42EA050474E7F0BD00BF67
:10850000002002467F7F2F00002331FA03F263D060
:108510002DE9F04127E004685D004FF0030C0CFAF0
:1085200005FC44EA0C040460DC08083450F82450CC
:1085300003F00706B6004FF00F0E0EFA06FE25EA0E
:108540000E0540F82450846824EA0C0484604468D2
:1085500024EA02024260C26822EA0C02C2600133CD
:1085600031FA03F236D001229A4012EA0108F6D01D
:108570009F0807F11805194C54F8256003F0030E05
:108580004FEACE0E0F2505FA0EF52E40144C04EAE4
:10859000902C0CFA0EFCB445BDD1104CD4F8806080
:1085A00026EA0806C4F88060D4F8846026EA080643
:1085B000C4F88460666826EA08066660266826EACB
:1085C00008062660183754F8276026EA050544F89F
:1085D0002750A0E7BDE8F081704700BF00200246A9
:1085E0007F7F2F001E4A536BC3F30803013307EE4E
:1085F000903AB8EE677A926AC2F30223013307EE2B
:10860000903AF8EE676A12F0100303D0144B9B6B9C
:10861000C3F3CC0307EE903AF8EE677A02F0030258
:10862000022A16D0032A17D10D4B1A68C2F3005242
:108630000C4BD34006EE103AB8EE466A86EE260A98
:10864000DFED096A67EEA67A77EE877A20EE270AD1
:1086500070479FED066AF1E79FED056AEEE700BF00
:10866000000C02460048E801000000390024744B69
:108670000000000010B5074B5C6BC4F306640134C6
:10868000FFF7B0FFFCEEC07A17EE900AB0FBF4F0F3
:1086900010BD00BF000C024608B5094BDB6913F0A2
:1086A0000C030BD0082B06D1054B1B68C3F30053FA
:1086B0000448D84003E0FFF7DDFF00E0024808BDB2
:1086C000000C02460048E8010024F40008B5FFF75A
:1086D000E3FF054B1B6A03F00703044AD35CD84051
:1086E000034B186008BD00BF000C0246BCB5000873
:1086F0001007002008B5FFF7E9FF044B1B6AC3F31E
:108700000213034AD35CD84008BD00BF000C0246E8
:10871000B4B5000808B5FFF7D9FF044B1B6AC3F3D3
:108720000223034AD35CD84008BD00BF000C0246B8
:10873000B4B5000808B5FFF7C9FF044B5B6AC3F383
:108740000213034AD35CD84008BD00BF000C0246A8
:10875000B4B50008034690F82C20012A22D001224B
:1087600080F82C20022280F82D20B1F5807F0FD0D8
:108770000D4A916921F408519161D16C21F00041B9
:10878000D164012283F82D20002083F82C0070474B
:10879000054A916921F488519161516C21F00041A1
:1087A0005164EEE7022070470078004638B5054670
:1087B0000F4AD36823F02003D360FEF7BDFC0446C4
:1087C0000B4BDB6813F0200F10D1FEF7B5FC001B3C
:1087D000B0F57A7FF4D9064BDB6813F0200F01D097
:1087E000002004E0032085F82D0000E0002038BDC3
:1087F0000078004670B5144BDB6813F0400F02D0D0
:108800000024204670BD05460F4AD36843F080031C
:10881000D360FEF791FC064600240B4BDB6813F097
:10882000400FEED1032CECD0FEF786FC831BB3F592
:108830007A7FF2D9044BDB6813F0400FE1D10324B7
:1088400085F82D40E9E700BF0078004610B50446E2
:10885000104BDA6822F08002DA609B6913F0200F77
:1088600006D1FFF7A3FF98B1032084F82D000FE095
:10887000084A936923F020039361FFF797FF10B133
:10888000032084F82D00034A936943F02003936189
:1088900010BD00BF00780046002855D010B5044632
:1088A00090F82D3063B1022384F82D30274BDB681C
:1088B00013F0100F09D0012384F82D30002010BDD3
:1088C00080F82C30FEF76CFBEDE7204BCA225A6291
:1088D00053225A622046FFF78DFF18B11B4BFF222F
:1088E0005A62ECE7194B9A6922F08E6222F040023C
:1088F0009A619969626820690243A06902430A4348
:108900009A61E268A16842EA01421A61DA6822F4D7
:10891000F852616AA06A01430A43DA602046FFF711
:1089200095FF18B1094BFF225A62C8E707498B69C6
:1089300023F06043226AE069024360690243134303
:108940008B61FF234B62B6E7012070470078004639
:1089500090F82C30012B11D0012280F82C2002231A
:1089600080F82D3006498B6943F020038B6180F835
:108970002D20002380F82C301846704702207047C5
:1089800000780046890001F18C4101F5FA410A6046
:108990007047890001F18C4101F5FA410868704780
:1089A0000B684A6813430A4AD3618B68CA68134349
:1089B0008A691343074A5362136A03F0FF23086965
:1089C000496940EA01410B4313620020704700BF30
:1089D00000780046007C004670477047704770473B
:1089E00070477047704770477047026852E8003F11
:1089F00023F0C00342E800310029F6D1026802F1F9
:108A0000080353E8003F23F40003083242E8003132
:108A10000029F3D12023C0F888307047026852E85B
:108A2000003F23F4907342E800310029F6D1026838
:108A300002F1080353E8003F23F0805323F00103C1
:108A4000083242E800310029F1D1C36E012B06D073
:108A50002023C0F88C300023C36643677047026848
:108A600052E8003F23F0100342E800310029F6D11C
:108A7000EEE708B50346C06D1B6D812B18D00023AF
:108A8000A0F85630026802F1080353E8003F23F0D3
:108A90008003083242E800310029F3D1026852E82D
:108AA000003F43F0400342E800310029F6D108BD01
:108AB000D0F898309847FAE708B5C06DD0F89430F0
:108AC000984708BD38B5C46DD4F88820D4F88C50C8
:108AD00023689B6813F0800F01D0212A11D02368EE
:108AE0009B6813F0400F01D0222D11D0D4F89030A4
:108AF00043F01003C4F89030D4F8A43020469847CF
:108B000038BD0023A4F856302046FFF76EFFE6E795
:108B10000023A4F85E302046FFF780FFE6E708B5A3
:108B2000C06D0023A0F85E30D0F8A430984708BD8F
:108B300008B5026852E8003F23F0400342E80031E4
:108B40000029F6D12023C0F8883000238367D0F8AD
:108B50009830984708BD000038B310B50446242368
:108B6000C0F888300268136823F0010313600268BC
:108B7000002313600268536002689360D0F8C43029
:108B80007BB1D4F8C430204698470020C4F8900048
:108B9000C4F88800C4F88C00E066206784F884007C
:108BA00010BD034BC0F8C430EBE70120704700BF95
:108BB000E5700008D0F88830202B62D110B504464B
:108BC000002960D0002A60D00165A0F85420A0F8E8
:108BD00056200023C0F890302123C0F88830C36F9E
:108BE000002B3DD02A491966C36F2A495966C36FC5
:108BF00029499966C36F0021D9668368B3F5805F00
:108C000020D0E06F036D13F0800F21D0436F8BB144
:108C10001B687BB19A60226DE36F5B6F1B68DA6043
:108C200023682833E26F526F12681361E06FFFF719
:108C30001FFAA8B11023C4F890302023C4F888305C
:108C4000012010BD0369002BDBD1520092B2D8E79E
:108C50002168134601F12802216DFFF757F8E8E774
:108C6000236840221A62226802F1080353E8003F99
:108C700043F08003083242E800310029F3D100209C
:108C8000DFE7022070470120DBE70120D9E700BFC2
:108C9000738A0008B98A0008C58A000870B50446BE
:108CA0000268D3691168906840F60F0C13EA0C0F44
:108CB0000FD113F0200F12D011F0200F02D110F0BD
:108CC000805F0CD0636F002B00F0828120469847B4
:108CD0007EE19D4D05402BD19C4E314228D1E56E61
:108CE000012D00F0C28013F0800F07D011F0800F2B
:108CF00040F06A8110F4000F40F0668113F0400FDD
:108D000003D011F0400F40F0648113F4000F03D042
:108D100011F0804F40F0618113F0807F00F05881A6
:108D2000002980F25581D4F8B430204698474FE1AD
:108D300013F0010F09D011F4807F06D001261662CE
:108D4000D4F890203243C4F8902013F0020F0BD0D7
:108D500010F0010F08D0226802261662D4F8902085
:108D600042F00402C4F8902013F0040F0BD010F06E
:108D7000010F08D0226804261662D4F8902042F031
:108D80000202C4F8902013F0080F0BD011F0200F4E
:108D900000D13DB1226808251562D4F890202A43FD
:108DA000C4F8902013F4006F0CD011F0806F09D03C
:108DB00022684FF400651562D4F8902042F020023A
:108DC000C4F89020D4F89020002A00F0018113F01C
:108DD000200F09D011F0200F02D110F0805F03D0D6
:108DE000636F0BB120469847D4F8902023689B68A6
:108DF00013F0400F02D112F0280F2ED02046FFF7BB
:108E00000DFE23689B6813F0400F21D0226802F109
:108E1000080353E8003F23F04003083242E80031E2
:108E20000029F3D1D4F880306BB1494ADA66D4F81E
:108E30008000FEF7FEFF002800F0CA80D4F8800012
:108E4000C36E9847C4E0D4F8A43020469847BFE0EA
:108E5000D4F8A43020469847BAE0D4F8A43020468D
:108E600098470023C4F89030B2E013F0100F3FF49D
:108E70003AAF11F0100F3FF436AF1023136223689E
:108E80009B6813F0400F65D0D4F8802013689B6C6A
:108E90009BB2002B49D0B4F85C10994245D9A4F894
:108EA0005E30136D812B32D0226852E8003F23F4EC
:108EB000807342E800310029F6D1226802F10803EC
:108EC00053E8003F23F00103083242E80031002953
:108ED000F3D1226802F1080353E8003F23F0400376
:108EE000083242E800310029F3D12023C4F88C3045
:108EF0000023E366226852E8003F23F0100342E8B3
:108F000000310029F6D1D4F88000FEF73CFF02239F
:108F10002367D4F8BC20B4F85C10B4F85E309BB280
:108F2000C91A89B22046904752E0B4F85C109942C1
:108F30004ED1136D812B4BD102232367D4F8BC3063
:108F40002046984744E000BF0100001020010004C3
:108F50001F8B0008B4F85C10B4F85E309BB2C91ADD
:108F600089B2B4F85E309BB2002B31D081B3226855
:108F700052E8003F23F4907342E800300028F6D115
:108F8000226802F1080353E8003F23F0805323F0E6
:108F90000103083242E800300028F1D12023C4F850
:108FA0008C300023E3666367226852E8003F23F0B9
:108FB000100342E800300028F6D102232367D4F8DA
:108FC000BC302046984703E0A36F0BB1204698477A
:108FD00070BD2046FFF7ACFDFAE7D4F8B830204664
:108FE0009847F5E7104BC0F89430104BC0F8983014
:108FF0000F4BC0F89C300F4BC0F8A0300E4BC0F8A0
:10900000A4300E4BC0F8A8300D4BC0F8AC300D4B5F
:10901000C0F8B0300C4BC0F8B4300C4BC0F8B830CE
:109020000B4BC0F8BC307047DB890008D9890008B9
:10903000DF890008DD890008E1890008E38900086C
:10904000E5890008E78900082D9600082F9600089A
:10905000E989000870B504468368026913434269D0
:109060001343C269134301680868854A02401A43E2
:109070000A602268536823F44053E1680B4353604D
:10908000A16922687F4B9A4201D0236A19439368F1
:1090900023F06E4323F430630B4393602268D36A5A
:1090A00023F00F03616A0B43D3622368764A93422D
:1090B00024D0764A934234D0724A934249D0202237
:1090C00070498B425FD0E069B0F5004F00F0A0809E
:1090D000102A00F21881DFE812F0E300FD0016010B
:1090E0001601D00016011601160100011601160125
:1090F000160116011601160116010301644AD2F881
:10910000E02002F00302032A09D8DFE802F002049B
:1091100036060122D4E70822D2E71022D0E7202227
:10912000CEE75B4AD2F8E02002F00C020C2A0ED8FF
:10913000DFE802F0070D0D0D090D0D0D250D0D0DCC
:109140000B000022BCE70822BAE71022B8E7202271
:10915000B6E702F5F432D2F8E82002F00302032A5F
:1091600009D8DFE802F002040E060222A8E708226E
:10917000A6E71022A4E72022A2E70422A0E7042207
:109180009EE704229CE7023A0E2A00F2AC80DFE858
:1091900002F00BAA3DAAAAAA3AAAAAAAAAAAAAAA0D
:1091A00008004FF4004004E0FFF7C4FA002800F084
:1091B0009C80626A374B33F81220B0FBF2F365688B
:1091C00005EB4501994200F29280B3EB053F00F2B6
:1091D0009080002633463146FBF73EFC090241EA07
:1091E000106100026B08C0182A46334641F10001A5
:1091F000FBF732FCA0F54072274B9A427BD82368DC
:10920000D860304680E0FFF747FACFE72348D0E741
:10921000102A72D8DFE802F00B2B7171097171719D
:109220002E717171717171710F001C4803E0FFF7AD
:1092300061FA002863D0626A164B33F81230B0FB33
:10924000F3F06268530803EB4003B3FBF2F3A3F1BE
:1092500010014FF6EF72914253D89AB222F00F02EA
:10926000C3F3420313432268D36000204CE0FFF7AE
:1092700051FADEE7FFF710FADBE7084814E000BF19
:10928000F369FFCF0024004600380140004400404D
:10929000000C0246C4B50008FFFC0F000024F400D7
:1092A000FFF728FA002838D0626A1E4B33F81230D4
:1092B000B0FBF3F0636800EB5300B0FBF3F0A0F1F8
:1092C00010024FF6EF739A4229D8236880B2D86013
:1092D000002019E0FFF71EFAE4E7FFF7DDF9E1E708
:1092E0004FF40040E0E701200EE000200CE00120F8
:1092F0000AE0012008E0012006E0012004E000204F
:1093000002E0012000E001200123A4F86A30A4F863
:10931000683000236367A36770BD0020F4E7012075
:10932000F2E700BFC4B50008836A13F0080F06D047
:109330000268536823F40043816B0B435360836AD4
:1093400013F0010F06D00268536823F40033C16A9A
:109350000B435360836A13F0020F06D00268536810
:1093600023F48033016B0B435360836A13F0040FC3
:1093700006D00268536823F48023416B0B4353608B
:10938000836A13F0100F06D00268936823F48053A9
:10939000C16B0B439360836A13F0200F06D0026801
:1093A000936823F40053016C0B439360836A13F0BA
:1093B000400F0AD00268536823F48013416C0B43BA
:1093C0005360436CB3F5801F0BD0836A13F0800F9A
:1093D00006D00268536823F40023C16C0B4353602A
:1093E00070470268536823F4C003816C0B435360D9
:1093F000EBE72DE9F84305460E4617469946DDF89A
:1094000020802B68DC6936EA04040CBF01240024A8
:10941000BC4236D1B8F1FF3FF3D0FDF78DFEA0EB93
:109420000900404530D8B8F1000F2FD02B681A68DA
:1094300012F0040FE5D0802EE3D0402EE1D0DA699F
:1094400012F0080F11D1DA6912F4006FD9D04FF47D
:1094500000621A622846FFF7E1FA2023C5F890302F
:10946000002385F8843003200CE008241C62284681
:10947000FFF7D4FAC5F89040002385F88430012026
:1094800000E00020BDE8F8830320FBE70320F9E7B4
:1094900030B583B004460023C0F89030FDF74CFE91
:1094A00005462268126812F0080F10D123681B6865
:1094B00013F0040F28D12023C4F88830C4F88C306E
:1094C0000020E066206784F8840003B030BD6FF0B0
:1094D0007E430093034600224FF400112046FFF71D
:1094E00088FF0028E2D0226852E8003F23F0800382
:1094F00042E800310029F6D12023C4F88830002347
:1095000084F884300320E0E76FF07E4300932B461D
:1095100000224FF480012046FFF76BFF0028CAD0DD
:10952000226852E8003F23F4907342E8003100299A
:10953000F6D1226802F1080353E8003F23F001034B
:10954000083242E800310029F3D12023C4F88C30DE
:10955000002384F884300320B7E7000000283AD0C5
:1095600010B50446D0F888300BB32423C4F88830F3
:109570002268136823F001031360A36A3BBB2046F3
:10958000FFF768FD012811D02268536823F4904347
:1095900053602268936823F02A039360226813685B
:1095A00043F0010313602046FFF772FF10BD80F8FF
:1095B0008430FFF717FDD4F8C03023B1D4F8C030A1
:1095C00020469847D1E7054BC4F8C030F6E720465F
:1095D000FFF7AAFED3E70120704700BFE16F000844
:1095E000436E2BB90123A0F86A30A0F868307047A9
:1095F00030B403689A68C2F342629968490F094D12
:109600006B5CDB00084C615C93FBF1F3A0F86A3003
:10961000AB5CDB00A25C93FBF2F3A0F8683030BCDB
:10962000704700BFE4B50008DCB50008704770471C
:1096300090F88430012B1DD010B50446012380F82A
:1096400084302423C0F8883002681368116821F040
:109650000101116043F000534FF00052426602686E
:109660001360FFF7BDFF2023C4F88830002084F882
:10967000840010BD0220704738B590F88430012B6B
:109680001DD00446012380F884302423C0F888309C
:1096900003681D681A6822F001021A600268936864
:1096A00023F0604319439160FFF79AFF23681D6020
:1096B0002023C4F88830002084F8840038BD0220BC
:1096C000FCE70000014B1860704700BF1007002046
:1096D000032A15D90B68036000F00303C3F1040CDF
:1096E00060446144043B1A4411F0030F14D1032A6F
:1096F00006D951F8043B40F8043B043A032AF8D851
:10970000022A0DD0032A12D0012A0DD0704751F839
:10971000043B40F8043B043A032AF8D8022AF1D16A
:1097200011F8013B00F8013B0B780370704711F80A
:10973000013B00F8013BF3E701EB012303EB03439B
:10974000032A17D900B5036000F0030CCCF1040E16
:109750007044ACF1040C624402E040F8043B043A6B
:10976000032AFAD8022A14D0032A10D0012A12D0D0
:109770005DF804FB022A06D0032A02D0012A04D095
:10978000704700F8011B00F8011B0170704700F8DA
:10979000011B00F8011B01705DF804FB032A03465E
:1097A00030B413D90C680568A54218D030BC704796
:1097B000D1F800C01C6818466445A2F1040203F108
:1097C000040301F10401F1D1032AF1D8022A27D0C0
:1097D000032A1FD0012A29D030BC0020704700F096
:1097E0000300C0F104042144043A024488078C4673
:1097F0002344E9D1032A02D8E8E7032A21D91C68C7
:109800005CF8041B18468C42A2F1040203F1040325
:10981000F3D0CBE718780A7890420FD101330131A9
:1098200018780A78904209D1013301311C780A78FE
:10983000944214BF1846002030BC7047184630BC14
:1098400070476146C2E700BF10B5EFF3108E72B6E5
:10985000214BB3F812C01A8A944511D0944521D9EE
:10986000CCF5C0639BB283421FD882421DD91A4BEC
:1098700001249C70A3F800C000245C82134614E00D
:10988000CCF5C0639BB298420FD382420DD9124BE4
:1098900001249C70A3F800C04FF0000CA3F812C084
:1098A000134602E0A2EB0C0293B2834210D90A4A9B
:1098B000538A0B801844094BA3FB00139B0A03EB4C
:1098C0004303A0EB4323538200208EF3108810BD86
:1098D0004FF0FF30F9E700BF70130020ABAAAAAA2F
:1098E000EFF3108172B6034AD38A0133D38281F336
:1098F0001088704770130020EFF3108172B6034A8E
:10990000D38A013BD38281F3108870477013002003
:10991000024BD88A003818BF01207047701300200E
:1099200008B5182200210748FFF706FF4FF4C06270
:1099300000210548FFF700FF044B1B6804489847C7
:1099400008BD00BF70130020700D0020A4B50008F2
:10995000919A000808B5024B5B68984708BD00BFA4
:10996000A4B50008044B5A8A1B8A9A4201D00020F1
:1099700070470120704700BF70130020704700003F
:1099800070B5EFF3108472B6FFF7C2FF18B184F31D
:109990001088002070BDFFF7A3FF1D4B1A8A5B8A59
:1099A0009A422ED01A498978012917D0184A9278FC
:1099B00032B9174A128A93421ED99B1A144A9382CB
:1099C000134E358A134B1D4484F31088FFF7D6FFDE
:1099D000114BDB68B18A28469847DBE70C480188C1
:1099E0008A1A92B282820221817000210180002AAB
:1099F000DCD181700182D9E7C2F5C062044B9A8242
:109A0000DEE7FFF779FF84F310880020C2E700BF8C
:109A100070130020700D0020A4B5000830B583B08D
:109A200005460C46FFF75CFF0DF106012046FFF7E7
:109A30000BFFB0F1FF3F0DD0BDF80630224629469E
:109A400007481844FFF744FEFFF756FFFFF798FF5B
:109A500003B030BDFFF750FF6FF00200F8E700BF22
:109A6000700D00200FB400B5A9B02AAB53F8042B39
:109A70000193962102A800F057F981B202A8FFF7DE
:109A8000CDFF29B05DF804EB04B0704770470000CB
:109A900008B5EFF3108C72B6284B9B78022B1CD0C4
:109AA00026490A8A8B8A1A44254BA3FB02039B0A88
:109AB00003EB43035802131A0B82204B1A8A5B8A6A
:109AC0009A4203D01D49C98A01290BD08CF3108812
:109AD000FFF7DCFFFFF710FF08BD184B00229A705C
:109AE0001A82EAE715498978012914D0134A927835
:109AF00032B9124A128A93421BD99B1A0F4A938297
:109B00000E4B188A0F4A10448CF310880E4AD26804
:109B1000998A9047E0E7094801888A1A92B28282BE
:109B20000221817000210180002ADFD18170018231
:109B3000DCE7C2F5C062014B9A82E1E770130020B6
:109B4000ABAAAAAA700D0020A4B5000840F2924367
:109B5000984204D0B0F5966F09D00B487047B1F524
:109B6000805F0CD0B1F5005F0BD10848704741F21F
:109B70000103994201D004487047054870470548E1
:109B800070470148704700BFC4B40008BCB4000867
:109B9000D4B40008CCB4000840F29243984204D0F8
:109BA000B0F5966F03D103487047034870470348E8
:109BB000704700BFE8B40008DCB40008C4B4000873
:109BC00070B50446084E3568C5F30B050560284698
:109BD000FFF7E2FF60603168090CA1602846FFF7DB
:109BE000B5FFE060204670BD004004E00146002063
:109BF00008E000EB8000531C0B60137803EB40037C
:109C0000A3F130000A681378303BDBB2092BF0D99E
:109C1000704700002DE9F04593B01B9D1C9E16F087
:109C2000400F10D1DFF8F8A09F1E222F75D816F034
:109C300001040BD04FF0300E16F0020F0FD0002AA7
:109C400007DB00270CE0DFF8DCA0EDE74FF0200E8B
:109C5000F2E752421A9E013E1A962D2700E0002795
:109C60005ABB30238DF804304FF0010CAC4500DDB9
:109C700065461A9B5B1B1CB31FB100F8017B0139C1
:109C800007D0002B03F1FF3324DD00F801EB01398D
:109C9000F7D113B0BDE8F085B2FBF3F603FB162253
:109CA0001AF802800CF148026A4402F8448C3246E9
:109CB0000CF1010C002AEFD1D8E74FF0000CF9E7C6
:109CC000002B03F1FF33D7DD202200F8012B0139EF
:109CD000F6D1DEE7654505F1FF3505DD302200F8F8
:109CE000012B0139F6D1D4E76246002A0CF1FF3C82
:109CF00009DD0CF148026A4412F8442C00F8012BEB
:109D00000139F1D1C5E7002B03F1FF33C1DD20227A
:109D100000F8012B0139F6D1BBE70020B9E700BFFD
:109D2000F4B400081CB500082DE9F04786B0059290
:109D30000493B1F1000840F3BA800746044604E0FA
:109D400004F8013B059B01330593059A13782BB961
:109D5000E11B08F1FF308142C0F2A380A4EB0709A8
:109D600008F1FF36B14580F29C80252BE8D1531CC9
:109D700005935378302B20D04FF0000A303BDBB2F4
:109D8000092B1DD94FF0FF35059B1A78A2F1580316
:109D9000202B67D8DFE803F04B666666666666666A
:109DA0006666661E626666666662666666666666A3
:109DB00066666628661966667C004FF0010ADDE774
:109DC00005A8FFF713FF0546DEE70A2332E020234C
:109DD00004F8013B013D002DF9DC049B1A1D04929F
:109DE0001B7804F8013BADE7049B1A1D04921E6822
:109DF00056B13046FAF7CEFDA8EB090909F1FF3953
:109E0000484528BF484605E02A4EF2E7202204F8DC
:109E1000012B1D466B1E8542F8DC002304E016F87A
:109E2000012B04F8012B01338342F8DB8AE74AF067
:109E3000400A10231AF0020F2ED0049A111D04912B
:109E40001268E11BCDF808A04FF0FF30019000959B
:109E5000711A2046FFF7DEFE044673E74AF0020A55
:109E60000A23E7E7252A02D0252304F8013BE31B58
:109E70009E420FDD059B1A783AB104F8012BE31BD3
:109E80009E423FF75FAF0A23D4E7013B0593F6E715
:109E90001023CFE70A23CDE7049A111D049112681D
:109EA000CFE700232370E01B06B0BDE8F087002059
:109EB000FAE700BF44B50008024B0146186800F0FD
:109EC0002DB800BF18070020024B0146186800F0AB
:109ED00007B900BF1807002070B50F4E0C460546A5
:109EE000316811B900F0AEF830602146284600F024
:109EF000A9F8431C03D14FF0FF34204670BDC41CA9
:109F000024F00304A042F8D0211A284600F09AF861
:109F10000130F2D1EFE700BF881300202DE9F843AC
:109F2000CD1C064625F0030508350C2D38BF0C2541
:109F3000002D01DBA94204D90C2333600020BDE8C9
:109F4000F883DFF8D48000F069F8D8F800301C46B8
:109F500044BB29463046FFF7BFFF431C044658D197
:109F6000D8F800402746002F43D1002C4BD023685F
:109F70003946304604EB030900F064F8814542D1CC
:109F8000216830466D1A2946FFF7A6FF01303AD006
:109F900023682B442360D8F800305A6862BBC8F8A5
:109FA00000700FE02268521B20D40B2A17D96119C8
:109FB000A342256018BF5960636808BFC8F8001045
:109FC00062514B60304600F02FF804F10B00231D66
:109FD00020F00700C21A1CBF1B1AA350AFE762682B
:109FE000A3420CBFC8F800205A60EBE72346646820
:109FF000AEE73C467F68B6E71A465B68A342FBD1F2
:10A0000000235360DEE70C233046336000F00CF889
:10A0100094E70560D6E700BF8C130020014800F0EC
:10A020004BB800BFCC140020014800F046B800BF78
:10A03000CC14002002440346934200D1704703F839
:10A04000011BF9E738B50023054D044608462B608F
:10A05000FDF7F0F8431C02D12B6803B1236038BD33
:10A06000C8140020014B1868704700BF1807002073
:10A0700070B50D4D00260D4C641BA410A64209D1ED
:10A080000B4D00260B4C00F075F8641BA410A64283
:10A0900005D170BD55F8043B01369847EEE755F8F9
:10A0A000043B01369847F2E7F4B50008F4B5000820
:10A0B000F4B50008F8B500087047704700F003B821
:10A0C0000022FAF76FBC0A44431E914200D1704748
:10A0D00010B511F8014B914203F8014FF9D110BDB1
:10A0E00038B50546002941D051F8043C0C1F002B1F
:10A0F000B8BFE418FFF792FF1D4A136833B96360D5
:10A1000014602846BDE83840FFF78EBFA34208D947
:10A11000206821188B4201BF19685B68091821600B
:10A12000EDE71A465B680BB1A342FAD911685018E3
:10A13000A0420BD120680144501811608342E0D145
:10A1400018685B68084453601060DAE702D90C2392
:10A150002B60D6E7206821188B4202BF19685B6824
:10A160000918636008BF21605460CAE738BD00BFAA
:10A170008C130020F8B500BFF8BC08BC9E467047A1
:0CA18000F8B500BFF8BC08BC9E46704754
:10A1900008000000EDFFFFFFFFFFFFFFFFFFFFFFD5
:10A1A000FFFFFFFFFFFFFFFFFFFFFFFFFFFFFFFFBF
:10A1B000FFFFFF7F08000000A40500000000000072
:10A1C000000000000000000000000000000000008F
:10A1D000000000000000000008000000EDD3F55C66
:10A1E0001A631258D69CF7A2DEF9DE1400000000B4
:10A1F0000000000000000000000000100800000047
:10A20000010F9C44E31106A447938568A71B0ED059
:10A2100065BEF517D273ECCE3D9A307C1B41990395
:10A2200008000000C7FFFFFFFFFFFFFFFFFFFFFF6A
:10A23000FFFFFFFFFFFFFFFFFFFFFFFFFFFFFFFF2E
:10A24000FFFFFF7F08000000FAE947DFFE8BED808B
:10A250007329C6AF7787A110908618BC079293E543
:10A2600026C59F725A2B822C020000002600000097
:10A2700000000000000000000000000000000000DE
:10A2800000000000000000000000000087A29D3FC9
:10A2900055BCCAE289E496235698A59CB7B5E4ADAF
:10A2A0006B937998D077607E70239E754A333333F1
:10A2B000333333333333333333333333333333336E
:10A2C0003333333333333333333333336CE84A99F3
:10A2D000AA96084F6E5012B611ADB7E392C483F13F
:10A2E00022A9C7460D93B3FE591C185E64E689394E
:10A2F000DCEC7EC8746036039A7BE5DD4BB1F1542B
:10A30000B34E88FAF7850B89F4F1675F47AFC177E1
:10A31000598B0852F37A03A5BFAB3EC5294EE71F00
:10A320008AB9A7999B7126A09BFD2111716CA6F398
:10A33000B3C5BB46436C4D94320C33EE82D6DCDFA2
:10A3400014E39286453C12482903F47C002C3CE13E
:10A35000809D0952BB41740AC3C5855D2C2E4DE812
:10A3600081C93010A220571D148E0D1C0EEECD9306
:10A37000230C9FED133912BBADD3DF4C198F18F2AC
:10A380002654C5E82885119EAAD5D24E5C0C916B47
:10A390007FB9F339AD5F4E29502FEB29685AD92C7C
:10A3A000A778B85837A985A2058C83470300000019
:10A3B0002600000000000000000000000000000077
:10A3C000000000000000000000000000000000008D
:10A3D00087A29D3F55BCCAE289E496235698A59C66
:10A3E000B7B5E4AD6B937998D077607E70239E7596
:10A3F0004A33333333333333333333333333333316
:10A40000333333333333333333333333333333331C
:10A410006CE84A99AA96084F6E5012B611ADB7E390
:10A4200092C483F122A9C7460D93B3FE591C185E4E
:10A43000E29BF17639BE9696FDC39634C99308BC6B
:10A44000AAB8795441E551BEDA44C1210133EB6326
:10A45000D7D778F4C17A01699872584F790B679D04
:10A46000C198BB4522FBBBEB79AF63CD1765643B5D
:10A47000C05CAAEA2D55F7921A736945C7F2D1ADAF
:10A48000D72379C98B3D82058320E466C2596E4784
:10A4900090A10008B4A10008D8A10008FCA1000800
:10A4A00020A2000844A200080800000001000000EB
:10A4B0000800000004DB2BFED407583BEDE91BB578
:10A4C000FD90F503D1026233BF166E6DA81BC7D68F
:10A4D0000B6B7775BCA500084D090008B0A40008F7
:10A4E000000000000000000090A4000818A500086B
:10A4F00068A20008ACA3000870A5000874A50008B5
:10A500000000000064A50008D4A400080B000000AF
:10A5100002000000E8A40008131B0008AF180008A0
:10A52000DD190008131B0008AF180008DD1900082A
:10A530000200000002000000FC7F003F0035011314
:10A540005944000875220008872B0008752200086E
:10A55000ED450008000000002F4500080100000044
:10A5600040A500088D2C000800000000020000003B
:10A57000232D0008D130000808C9BCF367E6096A3A
:10A580003BA7CA8485AE67BB2BF894FE72F36E3C82
:10A59000F1361D5F3AF54FA5D182E6AD7F520E51DF
:10A5A0001F6C3E2B8C68059B6BBD41FBABD9831F99
:10A5B00079217E1319CDE05B11390008B8A5000898
:10A5C00022AE28D7982F8A42CD65EF239144377168
:10A5D0002F3B4DECCFFBC0B5BCDB8981A5DBB5E9DA
:10A5E00038B548F35BC2563919D005B6F111F159A7
:10A5F0009B4F19AFA4823F9218816DDAD55E1CABD8
:10A60000420203A398AA07D8BE6F7045015B83126C
:10A610008CB2E44EBE853124E2B4FFD5C37D0C5527
:10A620006F897BF2745DBE72B196163BFEB1DE801F
:10A630003512C725A706DC9B942669CF74F19BC110
:10A64000D24AF19EC1699BE4E3254F388647BEEFAD
:10A65000B5D58C8BC69DC10F659CAC77CCA10C2465
:10A6600075022B596F2CE92D83E4A66EAA84744AD7
:10A67000D4FB41BDDCA9B05CB5531183DA88F9760F
:10A68000ABDF66EE52513E981032B42D6DC631A844
:10A690003F21FB98C82703B0E40EEFBEC77F59BF28
:10A6A000C28FA83DF30BE0C625A70A934791A7D513
:10A6B0006F8203E05163CA06706E0E0A672929147F
:10A6C000FC2FD246850AB72726C9265C38211B2EC7
:10A6D000ED2AC45AFC6D2C4DDFB3959D130D3853F4
:10A6E000DE63AF8B54730A65A8B2773CBB0A6A7607
:10A6F000E6AEED472EC9C2813B358214852C72929D
:10A700006403F14CA1E8BFA2013042BC4B661AA819
:10A710009197F8D0708B4BC230BE5406A3516CC7D2
:10A720001852EFD619E892D110A96555240699D68A
:10A730002A20715785350EF4B8D1BB3270A06A104B
:10A74000C8D0D2B816C1A41953AB4151086C371EFA
:10A7500099EB8EDF4C774827A8489BE1B5BCB03415
:10A76000635AC9C5B30C1C39CB8A41E34AAAD84EF7
:10A7700073E363774FCA9C5BA3B8B2D6F36F2E68BE
:10A78000FCB2EF5DEE828F74602F17436F63A57884
:10A7900072ABF0A11478C884EC39641A0802C78C33
:10A7A000281E6323FAFFBE90E9BD82DEEB6C50A445
:10A7B0001579C6B2F7A3F9BE2B5372E3F27871C6CE
:10A7C0009C6126EACE3E27CA07C2C021C7B886D1FF
:10A7D0001EEBE0CDD67DDAEA78D16EEE7F4F7DF5C7
:10A7E000BA6F1772AA67F006A698C8A2C57D630A59
:10A7F000AE0DF9BE04983F111B471C13350B711B9E
:10A80000847D0423F577DB289324C7407BABCA32D1
:10A81000BCBEC9150ABE9E3C4C0D109CC4671D43AE
:10A82000B6423ECBBED4C54C2A7E65FC9C297F59DE
:10A83000ECFAD63AAB6FCB5F1758474A8C19446C89
:10A840004D39000845460008F74600084D46000807
:10A8500034400008556E636F727265637461626C98
:10A860006520454343206572726F722061742061D8
:10A8700064647265737320307825303858000000A6
:10A880004661696C656420746F2065726173652030
:10A8900070616765732025752D25752C2073746193
:10A8A0007475733A203078253038582C20706167E1
:10A8B00065206572723A20307825303858000000E3
:10A8C000757064617465000000000000726F6C6C4C
:10A8D0006261636B0000000061637469766500006B
:10A8E000566572696679696E672025732046572020
:10A8F000696D6167652E2E2E00000000496E76613D
:10A900006C696420696D61676520666F6F7465723C
:10A91000206164647265737320696E2074686520B9
:10A920006865616465723A203078253038580000D7
:10A93000496D61676520666F6F7465722069732069
:10A940006C6F6361746564206174203078253038E1
:10A9500058000000496E636F7272656374206D6108
:10A9600067696320776F726420696E207468652060
:10A97000696D61676520666F6F7465723A20307823
:10A9800025303858000000004465746563746564C0
:10A9900020612076616C6964206D6167696320774E
:10A9A0006F726420696E2074686520696D616765E7
:10A9B00020666F6F74657200506572666F726D69A4
:10A9C0006E6720696D616765204352432063686547
:10A9D000636B2E2E2E000000496D61676520435287
:10A9E00043206D69736D61746368000043524320B6
:10A9F000636865636B6564207061737365640000F0
:10AA0000506572666F726D696E6720696D6167650A
:10AA1000207369676E617475726520636865636B26
:10AA20002E2E2E004661696C656420746F20636F62
:10AA30006D7075746520465720696D616765206487
:10AA400069676573742E20434D4F58206572726F8D
:10AA5000722030782530385800000000556E616251
:10AA60006C6520746F206C6F616420766572696616
:10AA700069636174696F6E206B657900496D616708
:10AA800065207369676E6174757265206D69736D99
:10AA900061746368000000004661696C656420743D
:10AAA0006F20766572696679207369676E61747567
:10AAB00072652E20434D4F58206572726F722030A0
:10AAC00078253038580000005369676E61747572DC
:10AAD0006520636865636B6564207061737365648A
:10AAE00000000000446973636F76657265642061DD
:10AAF0002076616C696420257320465720696D615A
:10AB000067652C2076657273696F6E3A2025752E05
:10AB100025752E2575000000546865202573204694
:10AB20005720696D61676520697320636F72727564
:10AB30007074656420616E642063616E6E6F742052
:10AB40006265207573656400556E61626C65207482
:10AB50006F20726561642074686520737461746528
:10AB6000206F6620626C6F636B202325752E204555
:10AB700072726F723A202575000000004573746987
:10AB80006D6174656420626C6F636B202325752092
:10AB9000737461746520697320257500556E616258
:10ABA0006C6520746F20657374696D6174652074C1
:10ABB0006865207374617465206F6620626C6F63D2
:10ABC0006B202325752E204572726F723A202575F1
:10ABD000000000004661696C656420746F20726536
:10ABE0006164206170702073656C662D636F6E66A2
:10ABF00069726D6174696F6E207374617475732E00
:10AC0000204572726F72202575000000466C6173DA
:10AC100068207772697465206572726F722030786F
:10AC2000253032582C2064737420616464723A2099
:10AC30003078253038582C20737263206164647238
:10AC40003A20307825303858000000004661696CA1
:10AC5000656420746F2073657420626C6F636B2071
:10AC600023257520737461746520746F2025752EFB
:10AC7000204572726F72202575000000556E61626A
:10AC80006C6520746F20726573756D6520696E73D5
:10AC900074616C6C2E204572726F722025750000F5
:10ACA0004661696C656420746F2073657420696EF9
:10ACB0007374616C6C207374617465207472616E5E
:10ACC000736974696F6E2025752D3E25752E20459C
:10ACD00072726F7220257500556E6B6E6F772069EA
:10ACE0006D61676520747970653A20307825303859
:10ACF00058000000496E7374616C6C696E672025A2
:10AD00007320696D6167652E2E2E0000496E737485
:10AD1000616C6C2070726F67726573733A20257571
:10AD20002E253032752525004661696C65642074D6
:10AD30006F206261636B757020626C6F636B2023A0
:10AD400025752E204572726F722025750000000057
:10AD500050726F63656564696E67207769746820F7
:10AD6000756E72656C6961626C652073746174657F
:10AD7000206F6620626C6F636B20232575000000D6
:10AD80004661696C656420746F20757064617465D8
:10AD900020626C6F636B202325752E204572726FC5
:10ADA0007220257500000000436C65616E696E6756
:10ADB00020757020756E75736564207370616365AE
:10ADC0002E2E2E004661696C656420746F207365B9
:10ADD0007420696E7374616C6C2073746174652087
:10ADE000746F2025752E204572726F7220257500B4
:10ADF000496E7374616C6C656420257320696D61A4
:10AE000067652E2056616C696469747920636F6E82
:10AE10006669726D6174696F6E2070656E64696ECB
:10AE2000670000004661696C656420746F20696E7C
:10AE30007374616C6C20257320696D6167652E20C9
:10AE40004572726F72202575000000005265626FB6
:10AE50006F74696E6720746F2073746172742074EC
:10AE60006865206170702E2E2E0000004661696CAE
:10AE7000656420746F20656E666F72636520726F03
:10AE80006C6C6261636B3A20257500005265626FDD
:10AE90006F74696E6720746F20656E666F7263658C
:10AEA00020726F6C6C6261636B2E2E2E00000000AE
:10AEB0005374617274696E67207573657220617076
:10AEC000706C69636174696F6E20617420307825DD
:10AED0003038582E2E2E0000556E61626C6520743D
:10AEE0006F20766572696679206669726D77617226
:10AEF0006520757064617465207374617475732E58
:10AF0000204572726F7220257500000044657465DB
:10AF10006374656420756E66696E69736865642024
:10AF2000257320696D61676520696E7374616C6C4F
:10AF30006174696F6E2E2E2E00000000417070202B
:10AF4000636F6E6669726D656420697473207661E3
:10AF50006C69646974792E205570646174696E67D8
:10AF60002073746174757320696E20746865204164
:10AF7000494D00004170702073656C662D72656AE2
:10AF800065637465642074686520757064617465B8
:10AF90002E2050726F63656564696E6720776974EF
:10AFA0006820726F6C6C6261636B0000556E616249
:10AFB0006C6520746F2072657472696576652061B6
:10AFC0007070207374617274757020636F756E7425
:10AFD00065722E204572726F722025750000000088
:10AFE0004661696C656420746F20696E6372656D7B
:10AFF000656E7420626F6F7420636F756E74657216
:10B000003A2025750000000041707020697320709F
:10B01000656E64696E6720636F6E6669726D6174D8
:10B02000696F6E2E20426F6F74202575206F7574C6
:10B03000206F662025750000417070206661696C84
:10B04000656420746F20636F6E6669726D20697429
:10B05000732076616C69646974792E20456E666F21
:10B060007263696E6720726F6C6C6261636B2E2E07
:10B070002E000000456E666F72636564206669721B
:10B080006D7761726520726F6C6C6261636B2069B1
:10B0900073207265717565737465640041637469CA
:10B0A000766520696D61676520697320696E7661D8
:10B0B0006C69642C20636865636B696E67206966E0
:10B0C00020616E2075706461746520696D616765CB
:10B0D00020697320617661696C61626C65000000B3
:10B0E00055706461746520696D61676520697320BE
:10B0F000696E76616C69642C20636865636B696E48
:10B1000067206966206120726F6C6C6261636B20DE
:10B11000696D61676520697320617661696C616240
:10B120006C6500004D4200004B420000312E312E74
:10B130003000000041494D2076657273696F6E20C2
:10B1400025730000446562756700000041494D2089
:10B150006275696C6420747970653A20257300000B
:10B160003030653031326462323664626633656530
:10B170003264393763326332356539303637356496
:10B18000353734643530663520286469727479291E
:10B190000000000041494D20636F6D6D69742068A7
:10B1A0006173683A2025730076312E302E302D31B0
:10B1B000352D6730306530313264620041494D20B1
:10B1C000636F6D6D6974206465736372697074690F
:10B1D0006F6E3A202573000053544D33324375622D
:10B1E000655742413A2025752E25752E257500009C
:10B1F000486F7374204D43553A20257320283078CA
:10B200002558292C207265766973696F6E3A20255E
:10B21000732028307825582900000000436F6E669F
:10B22000696775726174696F6E206D69736D6174A1
:10B2300063683A2041494D20636F6E666967757295
:10B24000656420666F72202575257320666C6173B6
:10B25000682073697A652C20627574207468652093
:10B2600061637475616C2073697A65206973202548
:10B2700075257300446574656374656420666C614C
:10B2800073682073697A653A20257525730000007C
:10B290004661696C656420746F20696E69746961C8
:10B2A0006C697A6520434D4F58000000506F7765F8
:10B2B000722D6F6E2F42726F776E6F757400000083
:10B2C0005761746368646F67000000004F707469B1
:10B2D0006F6E2042797465204C6F61646572000066
:10B2E000496C6C6567616C204C504D00536F6674FF
:10B2F000776172650000000045787465726E616C5C
:10B30000204E52535400000043616E277420726532
:10B310006C6961626C792064657465637420726520
:10B3200073657420726561736F6E2C20616D626944
:10B3300067756F757320726573657420666C6167DD
:10B34000733A203078253038580000005265736514
:10B350007420726561736F6E3A2025732052657395
:10B360006574000055706461746520696E73746162
:10B370006C6C20726571756573746564207072659C
:10B3800073656E7420696E2052414D0041626F7288
:10B3900074696E6720696E7374616C6C6174696F37
:10B3A0006E2064756520746F20636F72727570749F
:10B3B000656420696E7374616C6C20696D6167658A
:10B3C00000000000556E61626C6520746F20666934
:10B3D0006E64206120626F6F7461626C65206170C1
:10B3E0007020696D6167650017C527DA581E872CC4
:10B3F0005AC2455FA11750C9BB1F8304A97FC7AFBD
:10B40000D49A7E6E1A7C02D7000000005B25755D21
:10B410001B5B313B33316D5B4552524F525D1B5BC1
:10B42000306D3A20000000005B25755D1B5B313BF1
:10B4300033336D5B5741524E494E475D1B5B306D58
:10B440003A2000005B25755D1B5B313B33326D5B41
:10B45000494E464F5D1B5B306D3A20005B25755DA4
:10B460001B5B313B33346D5B44454255475D1B5B91
:10B47000306D3A2000000000556E636F7272656394
:10B480007461626C6520454343206572726F72205F
:10B49000646574656374656420696E20666C6173AD
:10B4A000682061742061646472657373203078254C
:10B4B000303858001B5B306D0A0000005265762E54
:10B4C00020420000556E6B6E6F776E005265762ECF
:10B4D000204100005265762E205A000053544D330F
:10B4E000325742413578000053544D333257424170
:10B4F00036780000303132333435363738396162CE
:10B50000636465666768696A6B6C6D6E6F70717293
:10B51000737475767778797A0000000030313233B1
:10B520003435363738394142434445464748494A1D
:10B530004B4C4D4E4F505152535455565758595AE3
:10B54000000000003C4E554C4C3E00001EF9C37AF2
:10B55000208B5ED4DAC4B7315F62A0E9C4917A3E31
:10B56000B8F9D2A503E6147CA13FB4D83ED5B9748E
:10B57000F9A4E61CC4297BE8973EA05D5CF62DA9E2
:10B58000A13B47D0DE9CFA266714F08B34708C5BAD
:10B59000F29AD3E1891B4E7C7BF2C53A4E9DB1C62F
:10B5A000D1A2479EE9720008117300087772000863
:10B5B00031730008000000000102030400000000D5
:10B5C00001020304010002000400060008000A0052
:10B5D0000C0010002000400080000001080402045C
:0CB5E00008010101010101030701000046
:08B5EC00A893FF7F010000009D
:04B5F40085010008C5
:04B5F80061010008E5
:10B5FC000024F400010000001C07002000000000E3
:10B60C0090130020F81300206014002000000000AC
:10B61C00000000000000000000000000000000001E
:10B62C00000000000000000000000000000000000E
:10B63C0000000000000000000000000000000000FE
:08B64C000000000000000000F6
:040000050800751D5D
:00000001FF
